ID_sample,Loci,Raw,Adapt
ADE_25_00688,12S160,3809960,1604852
ADE_25_00688,18SV9,3809960,1
ADE_25_00688,COIB1,3809960,444543
ADE_25_00688,MiFishU,3809960,1719730
ADE_25_00688,rbcLrouge,3809960,0
ADE_25_00688,rbcLverte,3809960,0
ADE_25_00689,12S160,2817017,1000420
ADE_25_00689,18SV9,2817017,1
ADE_25_00689,COIB1,2817017,840685
ADE_25_00689,MiFishU,2817017,949869
ADE_25_00689,rbcLrouge,2817017,1
ADE_25_00689,rbcLverte,2817017,0
ADE_25_00690,12S160,2928518,981494
ADE_25_00690,18SV9,2928518,0
ADE_25_00690,COIB1,2928518,1355769
ADE_25_00690,MiFishU,2928518,567645
ADE_25_00690,rbcLrouge,2928518,1
ADE_25_00690,rbcLverte,2928518,0
ADE_25_00691,12S160,4822119,739633
ADE_25_00691,18SV9,4822119,2
ADE_25_00691,COIB1,4822119,3837086
ADE_25_00691,MiFishU,4822119,57649
ADE_25_00691,rbcLrouge,4822119,1
ADE_25_00691,rbcLverte,4822119,0
ADE_25_00692,12S160,1860223,431296
ADE_25_00692,18SV9,1860223,0
ADE_25_00692,COIB1,1860223,1064916
ADE_25_00692,MiFishU,1860223,73138
ADE_25_00692,rbcLrouge,1860223,0
ADE_25_00692,rbcLverte,1860223,0
ADE_25_00693,12S160,3637124,1225266
ADE_25_00693,18SV9,3637124,1
ADE_25_00693,COIB1,3637124,743203
ADE_25_00693,MiFishU,3637124,1612839
ADE_25_00693,rbcLrouge,3637124,0
ADE_25_00693,rbcLverte,3637124,0
ADE_25_00694,12S160,3477838,757167
ADE_25_00694,18SV9,3477838,2
ADE_25_00694,COIB1,3477838,2466382
ADE_25_00694,MiFishU,3477838,229809
ADE_25_00694,rbcLrouge,3477838,0
ADE_25_00694,rbcLverte,3477838,0
ADE_25_00695,12S160,3686679,758320
ADE_25_00695,18SV9,3686679,2
ADE_25_00695,COIB1,3686679,2749275
ADE_25_00695,MiFishU,3686679,158369
ADE_25_00695,rbcLrouge,3686679,0
ADE_25_00695,rbcLverte,3686679,0
ADE_25_00696,12S160,2080042,1567870
ADE_25_00696,18SV9,2080042,0
ADE_25_00696,COIB1,2080042,357202
ADE_25_00696,MiFishU,2080042,65660
ADE_25_00696,rbcLrouge,2080042,0
ADE_25_00696,rbcLverte,2080042,0
ADE_25_00697,12S160,3496480,1105896
ADE_25_00697,18SV9,3496480,1
ADE_25_00697,COIB1,3496480,1045946
ADE_25_00697,MiFishU,3496480,1311000
ADE_25_00697,rbcLrouge,3496480,0
ADE_25_00697,rbcLverte,3496480,0
ADE_25_00698,12S160,3139155,1030785
ADE_25_00698,18SV9,3139155,2
ADE_25_00698,COIB1,3139155,535457
ADE_25_00698,MiFishU,3139155,1548225
ADE_25_00698,rbcLrouge,3139155,0
ADE_25_00698,rbcLverte,3139155,1
ADE_25_00699,12S160,1949803,951279
ADE_25_00699,18SV9,1949803,0
ADE_25_00699,COIB1,1949803,426268
ADE_25_00699,MiFishU,1949803,555383
ADE_25_00699,rbcLrouge,1949803,0
ADE_25_00699,rbcLverte,1949803,1
ADE_25_00700,12S160,7919011,452068
ADE_25_00700,18SV9,7919011,0
ADE_25_00700,COIB1,7919011,4757865
ADE_25_00700,MiFishU,7919011,2382454
ADE_25_00700,rbcLrouge,7919011,1
ADE_25_00700,rbcLverte,7919011,1
ADE_25_00701,12S160,2517339,972672
ADE_25_00701,18SV9,2517339,1
ADE_25_00701,COIB1,2517339,483040
ADE_25_00701,MiFishU,2517339,1031447
ADE_25_00701,rbcLrouge,2517339,2
ADE_25_00701,rbcLverte,2517339,0
ADE_25_00702,12S160,3939513,1503069
ADE_25_00702,18SV9,3939513,1
ADE_25_00702,COIB1,3939513,968980
ADE_25_00702,MiFishU,3939513,1435828
ADE_25_00702,rbcLrouge,3939513,0
ADE_25_00702,rbcLverte,3939513,2
ADE_25_00703,12S160,1525349,555936
ADE_25_00703,18SV9,1525349,0
ADE_25_00703,COIB1,1525349,352363
ADE_25_00703,MiFishU,1525349,603169
ADE_25_00703,rbcLrouge,1525349,0
ADE_25_00703,rbcLverte,1525349,0
ADE_25_00704,12S160,4880604,2053724
ADE_25_00704,18SV9,4880604,1
ADE_25_00704,COIB1,4880604,743284
ADE_25_00704,MiFishU,4880604,2041627
ADE_25_00704,rbcLrouge,4880604,2
ADE_25_00704,rbcLverte,4880604,1
ADE_25_00705,12S160,2986619,973653
ADE_25_00705,18SV9,2986619,2
ADE_25_00705,COIB1,2986619,1108351
ADE_25_00705,MiFishU,2986619,879451
ADE_25_00705,rbcLrouge,2986619,0
ADE_25_00705,rbcLverte,2986619,1
ADE_25_00706,12S160,3606703,1021236
ADE_25_00706,18SV9,3606703,0
ADE_25_00706,COIB1,3606703,1535635
ADE_25_00706,MiFishU,3606703,1023474
ADE_25_00706,rbcLrouge,3606703,1
ADE_25_00706,rbcLverte,3606703,1
ADE_25_00707,12S160,1685920,675697
ADE_25_00707,18SV9,1685920,1
ADE_25_00707,COIB1,1685920,361686
ADE_25_00707,MiFishU,1685920,633071
ADE_25_00707,rbcLrouge,1685920,0
ADE_25_00707,rbcLverte,1685920,0
ADE_25_00708,12S160,4306770,1272671
ADE_25_00708,18SV9,4306770,0
ADE_25_00708,COIB1,4306770,1361036
ADE_25_00708,MiFishU,4306770,1638243
ADE_25_00708,rbcLrouge,4306770,0
ADE_25_00708,rbcLverte,4306770,0
ADE_25_00709,12S160,2943769,1123653
ADE_25_00709,18SV9,2943769,0
ADE_25_00709,COIB1,2943769,724410
ADE_25_00709,MiFishU,2943769,1066011
ADE_25_00709,rbcLrouge,2943769,0
ADE_25_00709,rbcLverte,2943769,0
ADE_25_00710,12S160,3043722,1018086
ADE_25_00710,18SV9,3043722,0
ADE_25_00710,COIB1,3043722,1252038
ADE_25_00710,MiFishU,3043722,749522
ADE_25_00710,rbcLrouge,3043722,1
ADE_25_00710,rbcLverte,3043722,0
ADE_25_00711,12S160,2442345,1084503
ADE_25_00711,18SV9,2442345,0
ADE_25_00711,COIB1,2442345,1229809
ADE_25_00711,MiFishU,2442345,76519
ADE_25_00711,rbcLrouge,2442345,0
ADE_25_00711,rbcLverte,2442345,1
ADE_25_00712,12S160,3286123,1960737
ADE_25_00712,18SV9,3286123,1
ADE_25_00712,COIB1,3286123,574093
ADE_25_00712,MiFishU,3286123,676469
ADE_25_00712,rbcLrouge,3286123,0
ADE_25_00712,rbcLverte,3286123,0
ADE_25_00713,12S160,2197624,853605
ADE_25_00713,18SV9,2197624,0
ADE_25_00713,COIB1,2197624,463784
ADE_25_00713,MiFishU,2197624,859970
ADE_25_00713,rbcLrouge,2197624,0
ADE_25_00713,rbcLverte,2197624,0
ADE_25_00714,12S160,2546238,492768
ADE_25_00714,18SV9,2546238,1
ADE_25_00714,COIB1,2546238,1634969
ADE_25_00714,MiFishU,2546238,39625
ADE_25_00714,rbcLrouge,2546238,0
ADE_25_00714,rbcLverte,2546238,0
ADE_25_00715,12S160,1632414,814034
ADE_25_00715,18SV9,1632414,0
ADE_25_00715,COIB1,1632414,166435
ADE_25_00715,MiFishU,1632414,635681
ADE_25_00715,rbcLrouge,1632414,1
ADE_25_00715,rbcLverte,1632414,0
ADE_25_00716,12S160,3722225,705453
ADE_25_00716,18SV9,3722225,1
ADE_25_00716,COIB1,3722225,2013478
ADE_25_00716,MiFishU,3722225,975384
ADE_25_00716,rbcLrouge,3722225,0
ADE_25_00716,rbcLverte,3722225,0
ADE_25_00717,12S160,5047022,2129390
ADE_25_00717,18SV9,5047022,0
ADE_25_00717,COIB1,5047022,440615
ADE_25_00717,MiFishU,5047022,2426638
ADE_25_00717,rbcLrouge,5047022,2
ADE_25_00717,rbcLverte,5047022,3
ADE_25_00718,12S160,3307807,1397115
ADE_25_00718,18SV9,3307807,1
ADE_25_00718,COIB1,3307807,718269
ADE_25_00718,MiFishU,3307807,1163513
ADE_25_00718,rbcLrouge,3307807,0
ADE_25_00718,rbcLverte,3307807,0
ADE_25_00719,12S160,1008447,473600
ADE_25_00719,18SV9,1008447,0
ADE_25_00719,COIB1,1008447,387449
ADE_25_00719,MiFishU,1008447,13200
ADE_25_00719,rbcLrouge,1008447,0
ADE_25_00719,rbcLverte,1008447,0
ADE_25_00720,12S160,1034183,316005
ADE_25_00720,18SV9,1034183,0
ADE_25_00720,COIB1,1034183,418732
ADE_25_00720,MiFishU,1034183,71716
ADE_25_00720,rbcLrouge,1034183,1
ADE_25_00720,rbcLverte,1034183,0
ADE_25_00730,12S160,2582980,1000287
ADE_25_00730,18SV9,2582980,0
ADE_25_00730,COIB1,2582980,649883
ADE_25_00730,MiFishU,2582980,910824
ADE_25_00730,rbcLrouge,2582980,1
ADE_25_00730,rbcLverte,2582980,0
ADE_25_00731,12S160,1276329,484639
ADE_25_00731,18SV9,1276329,0
ADE_25_00731,COIB1,1276329,428451
ADE_25_00731,MiFishU,1276329,350486
ADE_25_00731,rbcLrouge,1276329,0
ADE_25_00731,rbcLverte,1276329,0
ADE_25_00732,12S160,3102225,1161243
ADE_25_00732,18SV9,3102225,0
ADE_25_00732,COIB1,3102225,722500
ADE_25_00732,MiFishU,3102225,1191613
ADE_25_00732,rbcLrouge,3102225,0
ADE_25_00732,rbcLverte,3102225,0
ADE_25_00733,12S160,2746400,902308
ADE_25_00733,18SV9,2746400,1
ADE_25_00733,COIB1,2746400,557167
ADE_25_00733,MiFishU,2746400,1255279
ADE_25_00733,rbcLrouge,2746400,1
ADE_25_00733,rbcLverte,2746400,1
ADE_25_00734,12S160,2383278,1210183
ADE_25_00734,18SV9,2383278,0
ADE_25_00734,COIB1,2383278,638595
ADE_25_00734,MiFishU,2383278,511640
ADE_25_00734,rbcLrouge,2383278,0
ADE_25_00734,rbcLverte,2383278,1
ADE_25_00735,12S160,2727724,1205051
ADE_25_00735,18SV9,2727724,0
ADE_25_00735,COIB1,2727724,530340
ADE_25_00735,MiFishU,2727724,965242
ADE_25_00735,rbcLrouge,2727724,0
ADE_25_00735,rbcLverte,2727724,2
ADE_25_00736,12S160,2393869,917694
ADE_25_00736,18SV9,2393869,0
ADE_25_00736,COIB1,2393869,595913
ADE_25_00736,MiFishU,2393869,846563
ADE_25_00736,rbcLrouge,2393869,0
ADE_25_00736,rbcLverte,2393869,0
ADE_25_00737,12S160,3616836,1947030
ADE_25_00737,18SV9,3616836,1
ADE_25_00737,COIB1,3616836,688687
ADE_25_00737,MiFishU,3616836,945915
ADE_25_00737,rbcLrouge,3616836,0
ADE_25_00737,rbcLverte,3616836,1
ADE_25_00738,12S160,2222027,775825
ADE_25_00738,18SV9,2222027,0
ADE_25_00738,COIB1,2222027,438638
ADE_25_00738,MiFishU,2222027,988174
ADE_25_00738,rbcLrouge,2222027,0
ADE_25_00738,rbcLverte,2222027,0
ADE_25_00739,12S160,2448141,1405573
ADE_25_00739,18SV9,2448141,0
ADE_25_00739,COIB1,2448141,661409
ADE_25_00739,MiFishU,2448141,347716
ADE_25_00739,rbcLrouge,2448141,1
ADE_25_00739,rbcLverte,2448141,1
ADE_25_00740,12S160,2528274,1516132
ADE_25_00740,18SV9,2528274,0
ADE_25_00740,COIB1,2528274,104066
ADE_25_00740,MiFishU,2528274,741848
ADE_25_00740,rbcLrouge,2528274,1
ADE_25_00740,rbcLverte,2528274,0
ADE_25_00741,12S160,3365031,1441330
ADE_25_00741,18SV9,3365031,0
ADE_25_00741,COIB1,3365031,576547
ADE_25_00741,MiFishU,3365031,1317048
ADE_25_00741,rbcLrouge,3365031,1
ADE_25_00741,rbcLverte,3365031,0
ADE_25_00742,12S160,2772816,505393
ADE_25_00742,18SV9,2772816,1
ADE_25_00742,COIB1,2772816,712938
ADE_25_00742,MiFishU,2772816,1536629
ADE_25_00742,rbcLrouge,2772816,1
ADE_25_00742,rbcLverte,2772816,0
ADE_25_00743,12S160,3069394,1205371
ADE_25_00743,18SV9,3069394,0
ADE_25_00743,COIB1,3069394,677099
ADE_25_00743,MiFishU,3069394,1159643
ADE_25_00743,rbcLrouge,3069394,1
ADE_25_00743,rbcLverte,3069394,0
ADE_25_00744,12S160,2335790,1261706
ADE_25_00744,18SV9,2335790,2
ADE_25_00744,COIB1,2335790,413264
ADE_25_00744,MiFishU,2335790,635026
ADE_25_00744,rbcLrouge,2335790,0
ADE_25_00744,rbcLverte,2335790,1
ADE_25_00745,12S160,4725061,2028398
ADE_25_00745,18SV9,4725061,0
ADE_25_00745,COIB1,4725061,480060
ADE_25_00745,MiFishU,4725061,2175404
ADE_25_00745,rbcLrouge,4725061,0
ADE_25_00745,rbcLverte,4725061,0
ADE_25_00746,12S160,2569810,1165611
ADE_25_00746,18SV9,2569810,0
ADE_25_00746,COIB1,2569810,997343
ADE_25_00746,MiFishU,2569810,373241
ADE_25_00746,rbcLrouge,2569810,0
ADE_25_00746,rbcLverte,2569810,0
ADE_25_00747,12S160,2684175,1050107
ADE_25_00747,18SV9,2684175,0
ADE_25_00747,COIB1,2684175,416856
ADE_25_00747,MiFishU,2684175,1193085
ADE_25_00747,rbcLrouge,2684175,1
ADE_25_00747,rbcLverte,2684175,0
ADE_25_00748,12S160,2778933,1260794
ADE_25_00748,18SV9,2778933,0
ADE_25_00748,COIB1,2778933,975644
ADE_25_00748,MiFishU,2778933,507448
ADE_25_00748,rbcLrouge,2778933,0
ADE_25_00748,rbcLverte,2778933,1
ADE_25_00749,12S160,3821733,1527533
ADE_25_00749,18SV9,3821733,2
ADE_25_00749,COIB1,3821733,725076
ADE_25_00749,MiFishU,3821733,1536082
ADE_25_00749,rbcLrouge,3821733,1
ADE_25_00749,rbcLverte,3821733,0
ADE_25_00750,12S160,1231773,243209
ADE_25_00750,18SV9,1231773,0
ADE_25_00750,COIB1,1231773,878964
ADE_25_00750,MiFishU,1231773,98288
ADE_25_00750,rbcLrouge,1231773,0
ADE_25_00750,rbcLverte,1231773,0
ADE_25_00751,12S160,722257,332817
ADE_25_00751,18SV9,722257,0
ADE_25_00751,COIB1,722257,114939
ADE_25_00751,MiFishU,722257,267205
ADE_25_00751,rbcLrouge,722257,0
ADE_25_00751,rbcLverte,722257,0
ADE_25_00752,12S160,2830096,1079538
ADE_25_00752,18SV9,2830096,1
ADE_25_00752,COIB1,2830096,926649
ADE_25_00752,MiFishU,2830096,795813
ADE_25_00752,rbcLrouge,2830096,0
ADE_25_00752,rbcLverte,2830096,0
ADE_25_00753,12S160,2148188,1039568
ADE_25_00753,18SV9,2148188,0
ADE_25_00753,COIB1,2148188,389070
ADE_25_00753,MiFishU,2148188,696471
ADE_25_00753,rbcLrouge,2148188,1
ADE_25_00753,rbcLverte,2148188,1
ADE_25_00754,12S160,2220277,948835
ADE_25_00754,18SV9,2220277,0
ADE_25_00754,COIB1,2220277,966207
ADE_25_00754,MiFishU,2220277,283310
ADE_25_00754,rbcLrouge,2220277,1
ADE_25_00754,rbcLverte,2220277,0
ADE_25_00755,12S160,6417784,1517333
ADE_25_00755,18SV9,6417784,0
ADE_25_00755,COIB1,6417784,4763082
ADE_25_00755,MiFishU,6417784,28577
ADE_25_00755,rbcLrouge,6417784,2
ADE_25_00755,rbcLverte,6417784,2
ADE_25_00756,12S160,2262544,1106556
ADE_25_00756,18SV9,2262544,0
ADE_25_00756,COIB1,2262544,503952
ADE_25_00756,MiFishU,2262544,623873
ADE_25_00756,rbcLrouge,2262544,1
ADE_25_00756,rbcLverte,2262544,2
ADE_25_00757,12S160,1687436,636492
ADE_25_00757,18SV9,1687436,0
ADE_25_00757,COIB1,1687436,389753
ADE_25_00757,MiFishU,1687436,645762
ADE_25_00757,rbcLrouge,1687436,0
ADE_25_00757,rbcLverte,1687436,1
ADE_25_00758,12S160,2311044,791421
ADE_25_00758,18SV9,2311044,0
ADE_25_00758,COIB1,2311044,300101
ADE_25_00758,MiFishU,2311044,1201481
ADE_25_00758,rbcLrouge,2311044,3
ADE_25_00758,rbcLverte,2311044,0
ADE_25_00759,12S160,3006961,663927
ADE_25_00759,18SV9,3006961,0
ADE_25_00759,COIB1,3006961,1032259
ADE_25_00759,MiFishU,3006961,1271128
ADE_25_00759,rbcLrouge,3006961,0
ADE_25_00759,rbcLverte,3006961,0
ADE_25_00760,12S160,3414712,893716
ADE_25_00760,18SV9,3414712,0
ADE_25_00760,COIB1,3414712,781432
ADE_25_00760,MiFishU,3414712,1621838
ADE_25_00760,rbcLrouge,3414712,2
ADE_25_00760,rbcLverte,3414712,1
ADE_25_00761,12S160,979270,445944
ADE_25_00761,18SV9,979270,0
ADE_25_00761,COIB1,979270,506017
ADE_25_00761,MiFishU,979270,7928
ADE_25_00761,rbcLrouge,979270,0
ADE_25_00761,rbcLverte,979270,0
ADE_25_00762,12S160,3074812,1371763
ADE_25_00762,18SV9,3074812,1
ADE_25_00762,COIB1,3074812,653515
ADE_25_00762,MiFishU,3074812,995651
ADE_25_00762,rbcLrouge,3074812,0
ADE_25_00762,rbcLverte,3074812,0
ADE_25_00763,12S160,2707849,1225107
ADE_25_00763,18SV9,2707849,0
ADE_25_00763,COIB1,2707849,869052
ADE_25_00763,MiFishU,2707849,571917
ADE_25_00763,rbcLrouge,2707849,1
ADE_25_00763,rbcLverte,2707849,1
ADE_25_00764,12S160,2844721,1020423
ADE_25_00764,18SV9,2844721,0
ADE_25_00764,COIB1,2844721,766823
ADE_25_00764,MiFishU,2844721,1034650
ADE_25_00764,rbcLrouge,2844721,0
ADE_25_00764,rbcLverte,2844721,2
ADE_25_00765,12S160,2395982,860196
ADE_25_00765,18SV9,2395982,2
ADE_25_00765,COIB1,2395982,1456683
ADE_25_00765,MiFishU,2395982,10888
ADE_25_00765,rbcLrouge,2395982,0
ADE_25_00765,rbcLverte,2395982,0
ADE_25_00766,12S160,4030000,1576039
ADE_25_00766,18SV9,4030000,0
ADE_25_00766,COIB1,4030000,617807
ADE_25_00766,MiFishU,4030000,1798406
ADE_25_00766,rbcLrouge,4030000,2
ADE_25_00766,rbcLverte,4030000,1
ADE_25_00767,12S160,2842742,1416416
ADE_25_00767,18SV9,2842742,0
ADE_25_00767,COIB1,2842742,879529
ADE_25_00767,MiFishU,2842742,513915
ADE_25_00767,rbcLrouge,2842742,0
ADE_25_00767,rbcLverte,2842742,0
ADE_25_00768,12S160,2806886,1036915
ADE_25_00768,18SV9,2806886,0
ADE_25_00768,COIB1,2806886,489632
ADE_25_00768,MiFishU,2806886,1255589
ADE_25_00768,rbcLrouge,2806886,0
ADE_25_00768,rbcLverte,2806886,0
ADE_25_00769,12S160,3352101,1969525
ADE_25_00769,18SV9,3352101,0
ADE_25_00769,COIB1,3352101,1196409
ADE_25_00769,MiFishU,3352101,119653
ADE_25_00769,rbcLrouge,3352101,0
ADE_25_00769,rbcLverte,3352101,0
ADE_25_00770,12S160,3368923,1179991
ADE_25_00770,18SV9,3368923,0
ADE_25_00770,COIB1,3368923,473181
ADE_25_00770,MiFishU,3368923,1687262
ADE_25_00770,rbcLrouge,3368923,3
ADE_25_00770,rbcLverte,3368923,1
ADE_25_00771,12S160,2896222,1420498
ADE_25_00771,18SV9,2896222,1
ADE_25_00771,COIB1,2896222,795265
ADE_25_00771,MiFishU,2896222,652833
ADE_25_00771,rbcLrouge,2896222,1
ADE_25_00771,rbcLverte,2896222,0
ADE_25_00772,12S160,1947558,415513
ADE_25_00772,18SV9,1947558,0
ADE_25_00772,COIB1,1947558,1282618
ADE_25_00772,MiFishU,1947558,172780
ADE_25_00772,rbcLrouge,1947558,0
ADE_25_00772,rbcLverte,1947558,1
ADE_25_00773,12S160,1371140,480632
ADE_25_00773,18SV9,1371140,0
ADE_25_00773,COIB1,1371140,258006
ADE_25_00773,MiFishU,1371140,481066
ADE_25_00773,rbcLrouge,1371140,0
ADE_25_00773,rbcLverte,1371140,1
ADE_25_01177,12S160,7163720,1342003
ADE_25_01177,18SV9,7163720,1007182
ADE_25_01177,COIB1,7163720,3161266
ADE_25_01177,MiFishU,7163720,1299666
ADE_25_01177,rbcLrouge,7163720,102224
ADE_25_01177,rbcLverte,7163720,150079
ADE_25_01178,12S160,9539339,2456335
ADE_25_01178,18SV9,9539339,1191985
ADE_25_01178,COIB1,9539339,2991916
ADE_25_01178,MiFishU,9539339,2449072
ADE_25_01178,rbcLrouge,9539339,207920
ADE_25_01178,rbcLverte,9539339,164476
ADE_25_01179,12S160,6806162,1156864
ADE_25_01179,18SV9,6806162,815558
ADE_25_01179,COIB1,6806162,2729913
ADE_25_01179,MiFishU,6806162,1855910
ADE_25_01179,rbcLrouge,6806162,37449
ADE_25_01179,rbcLverte,6806162,140175
ADE_25_01180,12S160,5074399,1349473
ADE_25_01180,18SV9,5074399,1011995
ADE_25_01180,COIB1,5074399,1587758
ADE_25_01180,MiFishU,5074399,916788
ADE_25_01180,rbcLrouge,5074399,54336
ADE_25_01180,rbcLverte,5074399,94320
ADE_25_01181,12S160,4957990,1315524
ADE_25_01181,18SV9,4957990,1165084
ADE_25_01181,COIB1,4957990,1161547
ADE_25_01181,MiFishU,4957990,1003955
ADE_25_01181,rbcLrouge,4957990,134380
ADE_25_01181,rbcLverte,4957990,120431
ADE_25_01182,12S160,4652996,1329064
ADE_25_01182,18SV9,4652996,868379
ADE_25_01182,COIB1,4652996,1584573
ADE_25_01182,MiFishU,4652996,574231
ADE_25_01182,rbcLrouge,4652996,133085
ADE_25_01182,rbcLverte,4652996,115652
ADE_25_01183,12S160,1510535,392930
ADE_25_01183,18SV9,1510535,733361
ADE_25_01183,COIB1,1510535,2865
ADE_25_01183,MiFishU,1510535,97039
ADE_25_01183,rbcLrouge,1510535,121894
ADE_25_01183,rbcLverte,1510535,113472
ADE_25_01184,12S160,4203885,1086424
ADE_25_01184,18SV9,4203885,840849
ADE_25_01184,COIB1,4203885,1422537
ADE_25_01184,MiFishU,4203885,535077
ADE_25_01184,rbcLrouge,4203885,140671
ADE_25_01184,rbcLverte,4203885,139232
ADE_25_01185,12S160,5081473,1334922
ADE_25_01185,18SV9,5081473,774116
ADE_25_01185,COIB1,5081473,2025035
ADE_25_01185,MiFishU,5081473,609830
ADE_25_01185,rbcLrouge,5081473,117887
ADE_25_01185,rbcLverte,5081473,156402
ADE_25_01186,12S160,6884998,2014259
ADE_25_01186,18SV9,6884998,967806
ADE_25_01186,COIB1,6884998,2040899
ADE_25_01186,MiFishU,6884998,1587140
ADE_25_01186,rbcLrouge,6884998,120384
ADE_25_01186,rbcLverte,6884998,93920
ADE_25_01187,12S160,3971427,1025565
ADE_25_01187,18SV9,3971427,1124636
ADE_25_01187,COIB1,3971427,1066031
ADE_25_01187,MiFishU,3971427,210104
ADE_25_01187,rbcLrouge,3971427,250275
ADE_25_01187,rbcLverte,3971427,175956
ADE_25_01188,12S160,4529583,1354455
ADE_25_01188,18SV9,4529583,1067834
ADE_25_01188,COIB1,4529583,968429
ADE_25_01188,MiFishU,4529583,782739
ADE_25_01188,rbcLrouge,4529583,179917
ADE_25_01188,rbcLverte,4529583,128159
ADE_25_01189,12S160,5259211,1029702
ADE_25_01189,18SV9,5259211,1109424
ADE_25_01189,COIB1,5259211,1582995
ADE_25_01189,MiFishU,5259211,1128141
ADE_25_01189,rbcLrouge,5259211,231237
ADE_25_01189,rbcLverte,5259211,123036
ADE_25_01190,12S160,4218601,1317587
ADE_25_01190,18SV9,4218601,707801
ADE_25_01190,COIB1,4218601,933244
ADE_25_01190,MiFishU,4218601,1029713
ADE_25_01190,rbcLrouge,4218601,91350
ADE_25_01190,rbcLverte,4218601,97807
ADE_25_01191,12S160,5158464,819195
ADE_25_01191,18SV9,5158464,724867
ADE_25_01191,COIB1,5158464,2425233
ADE_25_01191,MiFishU,5158464,935270
ADE_25_01191,rbcLrouge,5158464,105530
ADE_25_01191,rbcLverte,5158464,105376
ADE_25_01192,12S160,3663440,1482113
ADE_25_01192,18SV9,3663440,752009
ADE_25_01192,COIB1,3663440,448
ADE_25_01192,MiFishU,3663440,1128376
ADE_25_01192,rbcLrouge,3663440,136832
ADE_25_01192,rbcLverte,3663440,124883
ADE_25_01193,12S160,5904633,659611
ADE_25_01193,18SV9,5904633,1326961
ADE_25_01193,COIB1,5904633,1460504
ADE_25_01193,MiFishU,5904633,2136137
ADE_25_01193,rbcLrouge,5904633,114009
ADE_25_01193,rbcLverte,5904633,157325
ADE_25_01194,12S160,8912780,1801171
ADE_25_01194,18SV9,8912780,3010167
ADE_25_01194,COIB1,8912780,1420341
ADE_25_01194,MiFishU,8912780,2303859
ADE_25_01194,rbcLrouge,8912780,124980
ADE_25_01194,rbcLverte,8912780,139590
ADE_25_01195,12S160,4561314,1184276
ADE_25_01195,18SV9,4561314,1125848
ADE_25_01195,COIB1,4561314,676848
ADE_25_01195,MiFishU,4561314,1147319
ADE_25_01195,rbcLrouge,4561314,179090
ADE_25_01195,rbcLverte,4561314,136090
ADE_25_01196,12S160,1780583,560936
ADE_25_01196,18SV9,1780583,633291
ADE_25_01196,COIB1,1780583,7
ADE_25_01196,MiFishU,1780583,132656
ADE_25_01196,rbcLrouge,1780583,149932
ADE_25_01196,rbcLverte,1780583,99061
ADE_25_01197,12S160,5141638,1138528
ADE_25_01197,18SV9,5141638,1501158
ADE_25_01197,COIB1,5141638,1171022
ADE_25_01197,MiFishU,5141638,1030874
ADE_25_01197,rbcLrouge,5141638,117726
ADE_25_01197,rbcLverte,5141638,141834
ADE_25_01198,12S160,3654863,1308212
ADE_25_01198,18SV9,3654863,653505
ADE_25_01198,COIB1,3654863,883888
ADE_25_01198,MiFishU,3654863,567375
ADE_25_01198,rbcLrouge,3654863,117443
ADE_25_01198,rbcLverte,3654863,92722
ADE_25_01199,12S160,5026833,1767170
ADE_25_01199,18SV9,5026833,617561
ADE_25_01199,COIB1,5026833,978215
ADE_25_01199,MiFishU,5026833,1427331
ADE_25_01199,rbcLrouge,5026833,84808
ADE_25_01199,rbcLverte,5026833,110411
ADE_25_01200,12S160,5822353,1504814
ADE_25_01200,18SV9,5822353,815871
ADE_25_01200,COIB1,5822353,1659483
ADE_25_01200,MiFishU,5822353,1533415
ADE_25_01200,rbcLrouge,5822353,151343
ADE_25_01200,rbcLverte,5822353,103455
ADE_25_01201,12S160,4243214,811741
ADE_25_01201,18SV9,4243214,550486
ADE_25_01201,COIB1,4243214,1056478
ADE_25_01201,MiFishU,4243214,1578922
ADE_25_01201,rbcLrouge,4243214,102719
ADE_25_01201,rbcLverte,4243214,106415
ADE_25_01202,12S160,6332941,1546095
ADE_25_01202,18SV9,6332941,660538
ADE_25_01202,COIB1,6332941,1730506
ADE_25_01202,MiFishU,6332941,2093806
ADE_25_01202,rbcLrouge,6332941,139082
ADE_25_01202,rbcLverte,6332941,103226
ADE_25_01203,12S160,4726629,622717
ADE_25_01203,18SV9,4726629,930842
ADE_25_01203,COIB1,4726629,1683386
ADE_25_01203,MiFishU,4726629,1175839
ADE_25_01203,rbcLrouge,4726629,79806
ADE_25_01203,rbcLverte,4726629,178491
ADE_25_01204,12S160,6476740,828613
ADE_25_01204,18SV9,6476740,994362
ADE_25_01204,COIB1,6476740,2700922
ADE_25_01204,MiFishU,6476740,1417496
ADE_25_01204,rbcLrouge,6476740,311751
ADE_25_01204,rbcLverte,6476740,186143
ADE_25_01205,12S160,4913244,771302
ADE_25_01205,18SV9,4913244,1023410
ADE_25_01205,COIB1,4913244,1563712
ADE_25_01205,MiFishU,4913244,1060219
ADE_25_01205,rbcLrouge,4913244,255556
ADE_25_01205,rbcLverte,4913244,204266
ADE_25_01206,12S160,3995849,1082146
ADE_25_01206,18SV9,3995849,1099579
ADE_25_01206,COIB1,3995849,399026
ADE_25_01206,MiFishU,3995849,997274
ADE_25_01206,rbcLrouge,3995849,252872
ADE_25_01206,rbcLverte,3995849,126050
ADE_25_01207,12S160,4444640,1224455
ADE_25_01207,18SV9,4444640,961782
ADE_25_01207,COIB1,4444640,600473
ADE_25_01207,MiFishU,4444640,1281780
ADE_25_01207,rbcLrouge,4444640,245991
ADE_25_01207,rbcLverte,4444640,87841
ADE_25_01208,12S160,4522309,1319961
ADE_25_01208,18SV9,4522309,1198065
ADE_25_01208,COIB1,4522309,562118
ADE_25_01208,MiFishU,4522309,1088184
ADE_25_01208,rbcLrouge,4522309,220407
ADE_25_01208,rbcLverte,4522309,94771
ADE_25_01209,12S160,6222605,1808872
ADE_25_01209,18SV9,6222605,1651312
ADE_25_01209,COIB1,6222605,643655
ADE_25_01209,MiFishU,6222605,1733920
ADE_25_01209,rbcLrouge,6222605,204894
ADE_25_01209,rbcLverte,6222605,125598
ADE_25_01210,12S160,7366185,1637925
ADE_25_01210,18SV9,7366185,2124756
ADE_25_01210,COIB1,7366185,1445936
ADE_25_01210,MiFishU,7366185,1808606
ADE_25_01210,rbcLrouge,7366185,178250
ADE_25_01210,rbcLverte,7366185,113381
ADE_25_01211,12S160,7459821,2124391
ADE_25_01211,18SV9,7459821,2305619
ADE_25_01211,COIB1,7459821,1988958
ADE_25_01211,MiFishU,7459821,682597
ADE_25_01211,rbcLrouge,7459821,111736
ADE_25_01211,rbcLverte,7459821,175184
ADE_25_01212,12S160,5448406,1393315
ADE_25_01212,18SV9,5448406,899748
ADE_25_01212,COIB1,5448406,1176413
ADE_25_01212,MiFishU,5448406,1647894
ADE_25_01212,rbcLrouge,5448406,120409
ADE_25_01212,rbcLverte,5448406,166527
ADE_25_01213,12S160,3106802,1287129
ADE_25_01213,18SV9,3106802,1011006
ADE_25_01213,COIB1,3106802,82022
ADE_25_01213,MiFishU,3106802,429296
ADE_25_01213,rbcLrouge,3106802,99814
ADE_25_01213,rbcLverte,3106802,159668
ADE_25_01214,12S160,6028713,1775783
ADE_25_01214,18SV9,6028713,880792
ADE_25_01214,COIB1,6028713,1369656
ADE_25_01214,MiFishU,6028713,1663985
ADE_25_01214,rbcLrouge,6028713,133712
ADE_25_01214,rbcLverte,6028713,152465
ADE_25_01215,12S160,3496612,1300420
ADE_25_01215,18SV9,3496612,737627
ADE_25_01215,COIB1,3496612,593808
ADE_25_01215,MiFishU,3496612,618391
ADE_25_01215,rbcLrouge,3496612,65978
ADE_25_01215,rbcLverte,3496612,120771
ADE_25_01216,12S160,4444966,1602836
ADE_25_01216,18SV9,4444966,858302
ADE_25_01216,COIB1,4444966,594328
ADE_25_01216,MiFishU,4444966,1021680
ADE_25_01216,rbcLrouge,4444966,176921
ADE_25_01216,rbcLverte,4444966,143880
ADE_25_01217,12S160,5016264,1752046
ADE_25_01217,18SV9,5016264,785929
ADE_25_01217,COIB1,5016264,1038095
ADE_25_01217,MiFishU,5016264,1157586
ADE_25_01217,rbcLrouge,5016264,116864
ADE_25_01217,rbcLverte,5016264,112578
ADE_25_01218,12S160,1799305,92126
ADE_25_01218,18SV9,1799305,714114
ADE_25_01218,COIB1,1799305,253938
ADE_25_01218,MiFishU,1799305,39847
ADE_25_01218,rbcLrouge,1799305,118054
ADE_25_01218,rbcLverte,1799305,80825
ADE_25_01219,12S160,2539952,1247468
ADE_25_01219,18SV9,2539952,615131
ADE_25_01219,COIB1,2539952,29
ADE_25_01219,MiFishU,2539952,448610
ADE_25_01219,rbcLrouge,2539952,70721
ADE_25_01219,rbcLverte,2539952,108495
ADE_25_01220,12S160,4010985,1170484
ADE_25_01220,18SV9,4010985,702671
ADE_25_01220,COIB1,4010985,480601
ADE_25_01220,MiFishU,4010985,1409512
ADE_25_01220,rbcLrouge,4010985,106308
ADE_25_01220,rbcLverte,4010985,97695
ADE_25_01221,12S160,5126370,1473496
ADE_25_01221,18SV9,5126370,872044
ADE_25_01221,COIB1,5126370,496048
ADE_25_01221,MiFishU,5126370,1981423
ADE_25_01221,rbcLrouge,5126370,135129
ADE_25_01221,rbcLverte,5126370,111428
ADE_25_01222,12S160,4934854,1069323
ADE_25_01222,18SV9,4934854,1242959
ADE_25_01222,COIB1,4934854,1770337
ADE_25_01222,MiFishU,4934854,607244
ADE_25_01222,rbcLrouge,4934854,99476
ADE_25_01222,rbcLverte,4934854,100494
ADE_25_01223,12S160,5129783,1109958
ADE_25_01223,18SV9,5129783,1124258
ADE_25_01223,COIB1,5129783,1652057
ADE_25_01223,MiFishU,5129783,991286
ADE_25_01223,rbcLrouge,5129783,74663
ADE_25_01223,rbcLverte,5129783,133120
ADE_25_01224,12S160,5565066,1218934
ADE_25_01224,18SV9,5565066,956136
ADE_25_01224,COIB1,5565066,1646002
ADE_25_01224,MiFishU,5565066,1493211
ADE_25_01224,rbcLrouge,5565066,96657
ADE_25_01224,rbcLverte,5565066,98614
ADE_25_01225,12S160,3430717,1006193
ADE_25_01225,18SV9,3430717,749559
ADE_25_01225,COIB1,3430717,1238178
ADE_25_01225,MiFishU,3430717,40748
ADE_25_01225,rbcLrouge,3430717,168924
ADE_25_01225,rbcLverte,3430717,92371
ADE_25_01226,12S160,4185888,1100122
ADE_25_01226,18SV9,4185888,588273
ADE_25_01226,COIB1,4185888,1000106
ADE_25_01226,MiFishU,4185888,1204716
ADE_25_01226,rbcLrouge,4185888,126612
ADE_25_01226,rbcLverte,4185888,131983
ADE_25_01227,12S160,4225331,1036177
ADE_25_01227,18SV9,4225331,577494
ADE_25_01227,COIB1,4225331,949930
ADE_25_01227,MiFishU,4225331,1428293
ADE_25_01227,rbcLrouge,4225331,117637
ADE_25_01227,rbcLverte,4225331,77040
ADE_25_01228,12S160,4335287,1277044
ADE_25_01228,18SV9,4335287,722441
ADE_25_01228,COIB1,4335287,864036
ADE_25_01228,MiFishU,4335287,1191271
ADE_25_01228,rbcLrouge,4335287,126390
ADE_25_01228,rbcLverte,4335287,111873
ADE_25_01229,12S160,4567233,817495
ADE_25_01229,18SV9,4567233,553100
ADE_25_01229,COIB1,4567233,1142987
ADE_25_01229,MiFishU,4567233,1723922
ADE_25_01229,rbcLrouge,4567233,149158
ADE_25_01229,rbcLverte,4567233,132412
ADE_25_01230,12S160,2903934,548152
ADE_25_01230,18SV9,2903934,675641
ADE_25_01230,COIB1,2903934,1003582
ADE_25_01230,MiFishU,2903934,477468
ADE_25_01230,rbcLrouge,2903934,55761
ADE_25_01230,rbcLverte,2903934,88989
ADE_25_01231,12S160,4189965,1327966
ADE_25_01231,18SV9,4189965,1167884
ADE_25_01231,COIB1,4189965,1122034
ADE_25_01231,MiFishU,4189965,182853
ADE_25_01231,rbcLrouge,4189965,147357
ADE_25_01231,rbcLverte,4189965,174935
ADE_25_01232,12S160,5034794,1223118
ADE_25_01232,18SV9,5034794,1308634
ADE_25_01232,COIB1,5034794,1430209
ADE_25_01232,MiFishU,5034794,788343
ADE_25_01232,rbcLrouge,5034794,111604
ADE_25_01232,rbcLverte,5034794,122254
ADE_25_01233,12S160,4210347,1015461
ADE_25_01233,18SV9,4210347,1300079
ADE_25_01233,COIB1,4210347,1027097
ADE_25_01233,MiFishU,4210347,565477
ADE_25_01233,rbcLrouge,4210347,106437
ADE_25_01233,rbcLverte,4210347,143001
ADE_25_01234,12S160,5913718,1476287
ADE_25_01234,18SV9,5913718,1719520
ADE_25_01234,COIB1,5913718,710542
ADE_25_01234,MiFishU,5913718,1771388
ADE_25_01234,rbcLrouge,5913718,88897
ADE_25_01234,rbcLverte,5913718,95720
ADE_25_01235,12S160,5594611,1687619
ADE_25_01235,18SV9,5594611,1089745
ADE_25_01235,COIB1,5594611,533937
ADE_25_01235,MiFishU,5594611,2011148
ADE_25_01235,rbcLrouge,5594611,99051
ADE_25_01235,rbcLverte,5594611,120110
ADE_25_01236,12S160,5090585,1730543
ADE_25_01236,18SV9,5090585,760620
ADE_25_01236,COIB1,5090585,963481
ADE_25_01236,MiFishU,5090585,1375308
ADE_25_01236,rbcLrouge,5090585,110886
ADE_25_01236,rbcLverte,5090585,109607
ADE_25_01237,12S160,3888641,1371960
ADE_25_01237,18SV9,3888641,768290
ADE_25_01237,COIB1,3888641,828858
ADE_25_01237,MiFishU,3888641,544302
ADE_25_01237,rbcLrouge,3888641,119557
ADE_25_01237,rbcLverte,3888641,219898
ADE_25_01238,12S160,5032192,1521335
ADE_25_01238,18SV9,5032192,1633991
ADE_25_01238,COIB1,5032192,225574
ADE_25_01238,MiFishU,5032192,1330345
ADE_25_01238,rbcLrouge,5032192,102585
ADE_25_01238,rbcLverte,5032192,166182
ADE_25_01239,12S160,4224027,1408840
ADE_25_01239,18SV9,4224027,825630
ADE_25_01239,COIB1,4224027,464556
ADE_25_01239,MiFishU,4224027,1188090
ADE_25_01239,rbcLrouge,4224027,120281
ADE_25_01239,rbcLverte,4224027,173078
ADE_25_01240,12S160,6050208,1683170
ADE_25_01240,18SV9,6050208,748525
ADE_25_01240,COIB1,6050208,783591
ADE_25_01240,MiFishU,6050208,2518608
ADE_25_01240,rbcLrouge,6050208,116245
ADE_25_01240,rbcLverte,6050208,115112
ADE_25_01241,12S160,5472332,2007604
ADE_25_01241,18SV9,5472332,671625
ADE_25_01241,COIB1,5472332,558765
ADE_25_01241,MiFishU,5472332,1943170
ADE_25_01241,rbcLrouge,5472332,120944
ADE_25_01241,rbcLverte,5472332,119304
ADE_25_01242,12S160,4309002,1879620
ADE_25_01242,18SV9,4309002,637780
ADE_25_01242,COIB1,4309002,679610
ADE_25_01242,MiFishU,4309002,879892
ADE_25_01242,rbcLrouge,4309002,97039
ADE_25_01242,rbcLverte,4309002,94498
ADE_25_01243,12S160,3188891,423710
ADE_25_01243,18SV9,3188891,608282
ADE_25_01243,COIB1,3188891,947221
ADE_25_01243,MiFishU,3188891,719276
ADE_25_01243,rbcLrouge,3188891,118799
ADE_25_01243,rbcLverte,3188891,96683
ADE_25_01244,12S160,5226330,1546822
ADE_25_01244,18SV9,5226330,1445656
ADE_25_01244,COIB1,5226330,631190
ADE_25_01244,MiFishU,5226330,1353907
ADE_25_01244,rbcLrouge,5226330,97868
ADE_25_01244,rbcLverte,5226330,103992
ADE_25_01245,12S160,6049852,2048916
ADE_25_01245,18SV9,6049852,1596462
ADE_25_01245,COIB1,6049852,627608
ADE_25_01245,MiFishU,6049852,1467174
ADE_25_01245,rbcLrouge,6049852,111152
ADE_25_01245,rbcLverte,6049852,134036
ADE_25_01246,12S160,6579465,2463853
ADE_25_01246,18SV9,6579465,1784992
ADE_25_01246,COIB1,6579465,611157
ADE_25_01246,MiFishU,6579465,1453926
ADE_25_01246,rbcLrouge,6579465,89890
ADE_25_01246,rbcLverte,6579465,109938
ADE_25_01247,12S160,6533397,1961595
ADE_25_01247,18SV9,6533397,1645288
ADE_25_01247,COIB1,6533397,795557
ADE_25_01247,MiFishU,6533397,1835032
ADE_25_01247,rbcLrouge,6533397,105608
ADE_25_01247,rbcLverte,6533397,103651
ADE_25_01248,12S160,7488158,2257628
ADE_25_01248,18SV9,7488158,1385269
ADE_25_01248,COIB1,7488158,907185
ADE_25_01248,MiFishU,7488158,2670030
ADE_25_01248,rbcLrouge,7488158,95817
ADE_25_01248,rbcLverte,7488158,111265
ADE_25_01249,12S160,3180861,1339296
ADE_25_01249,18SV9,3180861,964306
ADE_25_01249,COIB1,3180861,13
ADE_25_01249,MiFishU,3180861,631813
ADE_25_01249,rbcLrouge,3180861,77617
ADE_25_01249,rbcLverte,3180861,108174
ADE_25_01250,12S160,4911331,1049595
ADE_25_01250,18SV9,4911331,2168324
ADE_25_01250,COIB1,4911331,22642
ADE_25_01250,MiFishU,4911331,1388291
ADE_25_01250,rbcLrouge,4911331,103973
ADE_25_01250,rbcLverte,4911331,126361
ADE_25_01251,12S160,4269195,1304028
ADE_25_01251,18SV9,4269195,1481064
ADE_25_01251,COIB1,4269195,756837
ADE_25_01251,MiFishU,4269195,462636
ADE_25_01251,rbcLrouge,4269195,135574
ADE_25_01251,rbcLverte,4269195,78645
ADE_25_01252,12S160,5430670,1338000
ADE_25_01252,18SV9,5430670,1694190
ADE_25_01252,COIB1,5430670,944857
ADE_25_01252,MiFishU,5430670,1108621
ADE_25_01252,rbcLrouge,5430670,127618
ADE_25_01252,rbcLverte,5430670,102093
ADE_25_01253,12S160,4705337,1113625
ADE_25_01253,18SV9,4705337,1085971
ADE_25_01253,COIB1,4705337,695467
ADE_25_01253,MiFishU,4705337,1540919
ADE_25_01253,rbcLrouge,4705337,123246
ADE_25_01253,rbcLverte,4705337,100033
ADE_25_01254,12S160,7141832,2323073
ADE_25_01254,18SV9,7141832,1072123
ADE_25_01254,COIB1,7141832,1110315
ADE_25_01254,MiFishU,7141832,2348697
ADE_25_01254,rbcLrouge,7141832,125445
ADE_25_01254,rbcLverte,7141832,102230
ADE_25_01255,12S160,6298931,2744651
ADE_25_01255,18SV9,6298931,980410
ADE_25_01255,COIB1,6298931,700340
ADE_25_01255,MiFishU,6298931,1617411
ADE_25_01255,rbcLrouge,6298931,90864
ADE_25_01255,rbcLverte,6298931,99564
ADE_25_01256,12S160,4031033,1314056
ADE_25_01256,18SV9,4031033,841342
ADE_25_01256,COIB1,4031033,909957
ADE_25_01256,MiFishU,4031033,728566
ADE_25_01256,rbcLrouge,4031033,97574
ADE_25_01256,rbcLverte,4031033,97917
ADE_25_01257,12S160,4349195,1089889
ADE_25_01257,18SV9,4349195,826149
ADE_25_01257,COIB1,4349195,799770
ADE_25_01257,MiFishU,4349195,1338686
ADE_25_01257,rbcLrouge,4349195,115697
ADE_25_01257,rbcLverte,4349195,139858
ADE_25_01258,12S160,4395079,1094334
ADE_25_01258,18SV9,4395079,951696
ADE_25_01258,COIB1,4395079,732205
ADE_25_01258,MiFishU,4395079,1392211
ADE_25_01258,rbcLrouge,4395079,101710
ADE_25_01258,rbcLverte,4395079,79362
ADE_25_01259,12S160,4470486,1236395
ADE_25_01259,18SV9,4470486,1913758
ADE_25_01259,COIB1,4470486,983230
ADE_25_01259,MiFishU,4470486,65769
ADE_25_01259,rbcLrouge,4470486,92141
ADE_25_01259,rbcLverte,4470486,91747
ADE_25_01260,12S160,5077040,994835
ADE_25_01260,18SV9,5077040,1540955
ADE_25_01260,COIB1,5077040,922625
ADE_25_01260,MiFishU,5077040,1361224
ADE_25_01260,rbcLrouge,5077040,95976
ADE_25_01260,rbcLverte,5077040,85024
ADE_25_01261,12S160,5637184,1297270
ADE_25_01261,18SV9,5637184,1815548
ADE_25_01261,COIB1,5637184,1091837
ADE_25_01261,MiFishU,5637184,1144849
ADE_25_01261,rbcLrouge,5637184,93916
ADE_25_01261,rbcLverte,5637184,101246
ADE_25_01262,12S160,6425781,2071816
ADE_25_01262,18SV9,6425781,1392331
ADE_25_01262,COIB1,6425781,1239962
ADE_25_01262,MiFishU,6425781,1408437
ADE_25_01262,rbcLrouge,6425781,124805
ADE_25_01262,rbcLverte,6425781,110949
ADE_25_01263,12S160,5723952,1056803
ADE_25_01263,18SV9,5723952,1897966
ADE_25_01263,COIB1,5723952,1363507
ADE_25_01263,MiFishU,5723952,1156208
ADE_25_01263,rbcLrouge,5723952,78372
ADE_25_01263,rbcLverte,5723952,89681
ADE_25_01264,12S160,3772733,1374688
ADE_25_01264,18SV9,3772733,1088217
ADE_25_01264,COIB1,3772733,1048625
ADE_25_01264,MiFishU,3772733,13998
ADE_25_01264,rbcLrouge,3772733,120784
ADE_25_01264,rbcLverte,3772733,80471
ADE_25_01265,12S160,3895796,1102219
ADE_25_01265,18SV9,3895796,968172
ADE_25_01265,COIB1,3895796,1543896
ADE_25_01265,MiFishU,3895796,8833
ADE_25_01265,rbcLrouge,3895796,118244
ADE_25_01265,rbcLverte,3895796,81959
ADE_25_01266,12S160,6308530,1493900
ADE_25_01266,18SV9,6308530,811686
ADE_25_01266,COIB1,6308530,1806630
ADE_25_01266,MiFishU,6308530,1887984
ADE_25_01266,rbcLrouge,6308530,115285
ADE_25_01266,rbcLverte,6308530,94929
ADE_25_01267,12S160,2541152,1331375
ADE_25_01267,18SV9,2541152,489845
ADE_25_01267,COIB1,2541152,3
ADE_25_01267,MiFishU,2541152,456674
ADE_25_01267,rbcLrouge,2541152,81678
ADE_25_01267,rbcLverte,2541152,105245
ADE_25_01268,12S160,4636116,650508
ADE_25_01268,18SV9,4636116,2055313
ADE_25_01268,COIB1,4636116,1441517
ADE_25_01268,MiFishU,4636116,254661
ADE_25_01268,rbcLrouge,4636116,31674
ADE_25_01268,rbcLverte,4636116,129947
ADE_25_01269,12S160,5935379,1457601
ADE_25_01269,18SV9,5935379,2037093
ADE_25_01269,COIB1,5935379,1170643
ADE_25_01269,MiFishU,5935379,975560
ADE_25_01269,rbcLrouge,5935379,112850
ADE_25_01269,rbcLverte,5935379,97170
ADE_25_01270,12S160,3602219,1097209
ADE_25_01270,18SV9,3602219,1674112
ADE_25_01270,COIB1,3602219,23
ADE_25_01270,MiFishU,3602219,514613
ADE_25_01270,rbcLrouge,3602219,118931
ADE_25_01270,rbcLverte,3602219,146671
ADE_25_01271,12S160,6711647,845918
ADE_25_01271,18SV9,6711647,1423436
ADE_25_01271,COIB1,6711647,1603142
ADE_25_01271,MiFishU,6711647,2633166
ADE_25_01271,rbcLrouge,6711647,66551
ADE_25_01271,rbcLverte,6711647,79590
ADE_25_01272,12S160,3939709,946742
ADE_25_01272,18SV9,3939709,749746
ADE_25_01272,COIB1,3939709,912934
ADE_25_01272,MiFishU,3939709,1054054
ADE_25_01272,rbcLrouge,3939709,119485
ADE_25_01272,rbcLverte,3939709,112414
ADE_25_01273,12S160,4125313,743728
ADE_25_01273,18SV9,4125313,1061868
ADE_25_01273,COIB1,4125313,1035364
ADE_25_01273,MiFishU,4125313,1030847
ADE_25_01273,rbcLrouge,4125313,119743
ADE_25_01273,rbcLverte,4125313,91669
ADE_25_01274,12S160,4482329,1264040
ADE_25_01274,18SV9,4482329,790153
ADE_25_01274,COIB1,4482329,780802
ADE_25_01274,MiFishU,4482329,1382001
ADE_25_01274,rbcLrouge,4482329,103409
ADE_25_01274,rbcLverte,4482329,117586
ADE_25_01275,12S160,3848665,1252441
ADE_25_01275,18SV9,3848665,604861
ADE_25_01275,COIB1,3848665,797911
ADE_25_01275,MiFishU,3848665,906240
ADE_25_01275,rbcLrouge,3848665,102923
ADE_25_01275,rbcLverte,3848665,117710
ADE_25_01276,12S160,3190745,1220620
ADE_25_01276,18SV9,3190745,909514
ADE_25_01276,COIB1,3190745,8
ADE_25_01276,MiFishU,3190745,737890
ADE_25_01276,rbcLrouge,3190745,132245
ADE_25_01276,rbcLverte,3190745,136049
ADE_25_01277,12S160,5213436,1472265
ADE_25_01277,18SV9,5213436,1812723
ADE_25_01277,COIB1,5213436,1279672
ADE_25_01277,MiFishU,5213436,313626
ADE_25_01277,rbcLrouge,5213436,123323
ADE_25_01277,rbcLverte,5213436,119323
ADE_25_01278,12S160,5405524,1262731
ADE_25_01278,18SV9,5405524,1423069
ADE_25_01278,COIB1,5405524,1565746
ADE_25_01278,MiFishU,5405524,907473
ADE_25_01278,rbcLrouge,5405524,107206
ADE_25_01278,rbcLverte,5405524,79708
ADE_25_01279,12S160,3664343,1883073
ADE_25_01279,18SV9,3664343,1303129
ADE_25_01279,COIB1,3664343,18
ADE_25_01279,MiFishU,3664343,221975
ADE_25_01279,rbcLrouge,3664343,105446
ADE_25_01279,rbcLverte,3664343,91340
ADE_25_01280,12S160,5741562,1330315
ADE_25_01280,18SV9,5741562,1973471
ADE_25_01280,COIB1,5741562,1166012
ADE_25_01280,MiFishU,5741562,998494
ADE_25_01280,rbcLrouge,5741562,116256
ADE_25_01280,rbcLverte,5741562,80043
ADE_25_01281,12S160,5195685,1751010
ADE_25_01281,18SV9,5195685,1708587
ADE_25_01281,COIB1,5195685,1236361
ADE_25_01281,MiFishU,5195685,209542
ADE_25_01281,rbcLrouge,5195685,102714
ADE_25_01281,rbcLverte,5195685,101030
ADE_25_01282,12S160,6293330,1271673
ADE_25_01282,18SV9,6293330,1722078
ADE_25_01282,COIB1,6293330,1176173
ADE_25_01282,MiFishU,6293330,1761925
ADE_25_01282,rbcLrouge,6293330,93685
ADE_25_01282,rbcLverte,6293330,112751
ADE_25_01283,12S160,4655891,577292
ADE_25_01283,18SV9,4655891,863915
ADE_25_01283,COIB1,4655891,2152848
ADE_25_01283,MiFishU,4655891,824935
ADE_25_01283,rbcLrouge,4655891,70438
ADE_25_01283,rbcLverte,4655891,74979
ADE_25_01284,12S160,4033002,1853761
ADE_25_01284,18SV9,4033002,659965
ADE_25_01284,COIB1,4033002,1133933
ADE_25_01284,MiFishU,4033002,126612
ADE_25_01284,rbcLrouge,4033002,96135
ADE_25_01284,rbcLverte,4033002,103004
ADE_25_01285,12S160,6727759,1652594
ADE_25_01285,18SV9,6727759,860018
ADE_25_01285,COIB1,6727759,1988528
ADE_25_01285,MiFishU,6727759,1950895
ADE_25_01285,rbcLrouge,6727759,116747
ADE_25_01285,rbcLverte,6727759,90080
ADE_25_01286,12S160,7998947,1761040
ADE_25_01286,18SV9,7998947,1608562
ADE_25_01286,COIB1,7998947,1564426
ADE_25_01286,MiFishU,7998947,2758962
ADE_25_01286,rbcLrouge,7998947,125629
ADE_25_01286,rbcLverte,7998947,105850
ADE_25_01287,12S160,4285368,1120139
ADE_25_01287,18SV9,4285368,1655402
ADE_25_01287,COIB1,4285368,875545
ADE_25_01287,MiFishU,4285368,383348
ADE_25_01287,rbcLrouge,4285368,101274
ADE_25_01287,rbcLverte,4285368,97294
ADE_25_01288,12S160,5929720,1518829
ADE_25_01288,18SV9,5929720,2188971
ADE_25_01288,COIB1,5929720,1318319
ADE_25_01288,MiFishU,5929720,603392
ADE_25_01288,rbcLrouge,5929720,121731
ADE_25_01288,rbcLverte,5929720,104663
ADE_25_01289,12S160,5105943,1130643
ADE_25_01289,18SV9,5105943,1509884
ADE_25_01289,COIB1,5105943,1176673
ADE_25_01289,MiFishU,5105943,1039220
ADE_25_01289,rbcLrouge,5105943,100173
ADE_25_01289,rbcLverte,5105943,93661
ADE_25_01290,12S160,5624493,812076
ADE_25_01290,18SV9,5624493,1270916
ADE_25_01290,COIB1,5624493,1111391
ADE_25_01290,MiFishU,5624493,2190454
ADE_25_01290,rbcLrouge,5624493,89253
ADE_25_01290,rbcLverte,5624493,99754
ADE_25_01291,12S160,6600304,1824862
ADE_25_01291,18SV9,6600304,1264282
ADE_25_01291,COIB1,6600304,243
ADE_25_01291,MiFishU,6600304,3231705
ADE_25_01291,rbcLrouge,6600304,119680
ADE_25_01291,rbcLverte,6600304,97424
ADE_25_01292,12S160,5073625,1299885
ADE_25_01292,18SV9,5073625,861820
ADE_25_01292,COIB1,5073625,952800
ADE_25_01292,MiFishU,5073625,1700714
ADE_25_01292,rbcLrouge,5073625,112269
ADE_25_01292,rbcLverte,5073625,101200
ADE_25_01293,12S160,5959424,1618338
ADE_25_01293,18SV9,5959424,1041215
ADE_25_01293,COIB1,5959424,909315
ADE_25_01293,MiFishU,5959424,2118598
ADE_25_01293,rbcLrouge,5959424,111402
ADE_25_01293,rbcLverte,5959424,102547
ADE_25_01294,12S160,7802017,2496074
ADE_25_01294,18SV9,7802017,1165318
ADE_25_01294,COIB1,7802017,592686
ADE_25_01294,MiFishU,7802017,3300036
ADE_25_01294,rbcLrouge,7802017,93162
ADE_25_01294,rbcLverte,7802017,83300
ADE_25_01295,12S160,4972941,1231344
ADE_25_01295,18SV9,4972941,1042146
ADE_25_01295,COIB1,4972941,735444
ADE_25_01295,MiFishU,4972941,1717256
ADE_25_01295,rbcLrouge,4972941,99107
ADE_25_01295,rbcLverte,4972941,101663
ADE_25_01296,12S160,4746167,1282645
ADE_25_01296,18SV9,4746167,1096374
ADE_25_01296,COIB1,4746167,493147
ADE_25_01296,MiFishU,4746167,1586136
ADE_25_01296,rbcLrouge,4746167,87502
ADE_25_01296,rbcLverte,4746167,125961
ADE_25_01297,12S160,5717424,1735377
ADE_25_01297,18SV9,5717424,1151681
ADE_25_01297,COIB1,5717424,414699
ADE_25_01297,MiFishU,5717424,2151743
ADE_25_01297,rbcLrouge,5717424,86496
ADE_25_01297,rbcLverte,5717424,113790
ADE_25_01298,12S160,5611331,882065
ADE_25_01298,18SV9,5611331,1254956
ADE_25_01298,COIB1,5611331,1264487
ADE_25_01298,MiFishU,5611331,1962683
ADE_25_01298,rbcLrouge,5611331,86280
ADE_25_01298,rbcLverte,5611331,111232
ADE_25_01299,12S160,4163334,918602
ADE_25_01299,18SV9,4163334,1273247
ADE_25_01299,COIB1,4163334,883871
ADE_25_01299,MiFishU,4163334,801590
ADE_25_01299,rbcLrouge,4163334,95589
ADE_25_01299,rbcLverte,4163334,157761
ADE_25_01300,12S160,5652828,1448390
ADE_25_01300,18SV9,5652828,1596535
ADE_25_01300,COIB1,5652828,783462
ADE_25_01300,MiFishU,5652828,1559890
ADE_25_01300,rbcLrouge,5652828,85573
ADE_25_01300,rbcLverte,5652828,133989
ADE_25_01301,12S160,5927871,1582445
ADE_25_01301,18SV9,5927871,811893
ADE_25_01301,COIB1,5927871,1164070
ADE_25_01301,MiFishU,5927871,2000265
ADE_25_01301,rbcLrouge,5927871,214456
ADE_25_01301,rbcLverte,5927871,102780
ADE_25_01302,12S160,5249595,1181997
ADE_25_01302,18SV9,5249595,1297821
ADE_25_01302,COIB1,5249595,798615
ADE_25_01302,MiFishU,5249595,1591118
ADE_25_01302,rbcLrouge,5249595,231580
ADE_25_01302,rbcLverte,5249595,91382
ADE_25_01303,12S160,4542411,1021905
ADE_25_01303,18SV9,4542411,888442
ADE_25_01303,COIB1,4542411,689092
ADE_25_01303,MiFishU,4542411,1625727
ADE_25_01303,rbcLrouge,4542411,168544
ADE_25_01303,rbcLverte,4542411,106073
ADE_25_01304,12S160,3979056,600735
ADE_25_01304,18SV9,3979056,1130897
ADE_25_01304,COIB1,3979056,1039179
ADE_25_01304,MiFishU,3979056,762366
ADE_25_01304,rbcLrouge,3979056,314685
ADE_25_01304,rbcLverte,3979056,96597
ADE_25_01305,12S160,6263082,1068760
ADE_25_01305,18SV9,6263082,1311853
ADE_25_01305,COIB1,6263082,1627429
ADE_25_01305,MiFishU,6263082,1772828
ADE_25_01305,rbcLrouge,6263082,334262
ADE_25_01305,rbcLverte,6263082,100040
ADE_25_01306,12S160,4610351,1471678
ADE_25_01306,18SV9,4610351,1065019
ADE_25_01306,COIB1,4610351,1037577
ADE_25_01306,MiFishU,4610351,660153
ADE_25_01306,rbcLrouge,4610351,224516
ADE_25_01306,rbcLverte,4610351,114400
ADE_25_01307,12S160,1673267,312131
ADE_25_01307,18SV9,1673267,672362
ADE_25_01307,COIB1,1673267,373283
ADE_25_01307,MiFishU,1673267,81017
ADE_25_01307,rbcLrouge,1673267,85662
ADE_25_01307,rbcLverte,1673267,94521
ADE_25_01308,12S160,5147963,1193401
ADE_25_01308,18SV9,5147963,1253833
ADE_25_01308,COIB1,5147963,1335129
ADE_25_01308,MiFishU,5147963,1067295
ADE_25_01308,rbcLrouge,5147963,111191
ADE_25_01308,rbcLverte,5147963,77746
ADE_25_01309,12S160,4184907,1157544
ADE_25_01309,18SV9,4184907,1167141
ADE_25_01309,COIB1,4184907,1004682
ADE_25_01309,MiFishU,4184907,625087
ADE_25_01309,rbcLrouge,4184907,95151
ADE_25_01309,rbcLverte,4184907,91001
ADE_25_01310,12S160,3085804,1514210
ADE_25_01310,18SV9,3085804,1244057
ADE_25_01310,COIB1,3085804,71176
ADE_25_01310,MiFishU,3085804,1416
ADE_25_01310,rbcLrouge,3085804,106315
ADE_25_01310,rbcLverte,3085804,88914
ADE_25_01311,12S160,6396468,1799098
ADE_25_01311,18SV9,6396468,700292
ADE_25_01311,COIB1,6396468,1538311
ADE_25_01311,MiFishU,6396468,2106457
ADE_25_01311,rbcLrouge,6396468,93729
ADE_25_01311,rbcLverte,6396468,96189
ADE_25_01312,12S160,4137957,985627
ADE_25_01312,18SV9,4137957,1009010
ADE_25_01312,COIB1,4137957,863917
ADE_25_01312,MiFishU,4137957,1024916
ADE_25_01312,rbcLrouge,4137957,97854
ADE_25_01312,rbcLverte,4137957,104498
ADE_25_01313,12S160,4742158,853587
ADE_25_01313,18SV9,4742158,1313646
ADE_25_01313,COIB1,4742158,1719738
ADE_25_01313,MiFishU,4742158,621651
ADE_25_01313,rbcLrouge,4742158,94250
ADE_25_01313,rbcLverte,4742158,91079
ADE_25_01314,12S160,5143084,760830
ADE_25_01314,18SV9,5143084,908763
ADE_25_01314,COIB1,5143084,2650770
ADE_25_01314,MiFishU,5143084,584423
ADE_25_01314,rbcLrouge,5143084,117452
ADE_25_01314,rbcLverte,5143084,65093
ADE_25_01315,12S160,5541725,795629
ADE_25_01315,18SV9,5541725,1706198
ADE_25_01315,COIB1,5541725,2654459
ADE_25_01315,MiFishU,5541725,27413
ADE_25_01315,rbcLrouge,5541725,108909
ADE_25_01315,rbcLverte,5541725,64371
ADE_25_01316,12S160,5260689,1029872
ADE_25_01316,18SV9,5260689,976074
ADE_25_01316,COIB1,5260689,2402338
ADE_25_01316,MiFishU,5260689,607551
ADE_25_01316,rbcLrouge,5260689,104952
ADE_25_01316,rbcLverte,5260689,60487
ADE_25_01317,12S160,5351376,923817
ADE_25_01317,18SV9,5351376,1513250
ADE_25_01317,COIB1,5351376,1505963
ADE_25_01317,MiFishU,5351376,1197900
ADE_25_01317,rbcLrouge,5351376,89528
ADE_25_01317,rbcLverte,5351376,74294
ADE_25_01318,12S160,5372238,792425
ADE_25_01318,18SV9,5372238,1465718
ADE_25_01318,COIB1,5372238,1808043
ADE_25_01318,MiFishU,5372238,1071622
ADE_25_01318,rbcLrouge,5372238,109215
ADE_25_01318,rbcLverte,5372238,71884
ADE_25_01319,12S160,4996188,1329219
ADE_25_01319,18SV9,4996188,1850573
ADE_25_01319,COIB1,4996188,1192385
ADE_25_01319,MiFishU,4996188,371030
ADE_25_01319,rbcLrouge,4996188,120312
ADE_25_01319,rbcLverte,4996188,89111
ADE_25_01320,12S160,1963302,568663
ADE_25_01320,18SV9,1963302,703260
ADE_25_01320,COIB1,1963302,14870
ADE_25_01320,MiFishU,1963302,264408
ADE_25_01320,rbcLrouge,1963302,129299
ADE_25_01320,rbcLverte,1963302,96611
ADE_25_01321,12S160,4210533,1330056
ADE_25_01321,18SV9,4210533,1163806
ADE_25_01321,COIB1,4210533,390198
ADE_25_01321,MiFishU,4210533,1048209
ADE_25_01321,rbcLrouge,4210533,106654
ADE_25_01321,rbcLverte,4210533,132460
ADE_25_01322,12S160,4049516,1328088
ADE_25_01322,18SV9,4049516,1152338
ADE_25_01322,COIB1,4049516,454548
ADE_25_01322,MiFishU,4049516,862300
ADE_25_01322,rbcLrouge,4049516,81390
ADE_25_01322,rbcLverte,4049516,128457
ADE_25_01323,12S160,4611533,1582781
ADE_25_01323,18SV9,4611533,1214450
ADE_25_01323,COIB1,4611533,756379
ADE_25_01323,MiFishU,4611533,841570
ADE_25_01323,rbcLrouge,4611533,74413
ADE_25_01323,rbcLverte,4611533,92314
ADE_25_01324,12S160,4315786,716981
ADE_25_01324,18SV9,4315786,1857430
ADE_25_01324,COIB1,4315786,817017
ADE_25_01324,MiFishU,4315786,738198
ADE_25_01324,rbcLrouge,4315786,89295
ADE_25_01324,rbcLverte,4315786,60694
ADE_25_01325,12S160,5930219,1222248
ADE_25_01325,18SV9,5930219,2093971
ADE_25_01325,COIB1,5930219,1274893
ADE_25_01325,MiFishU,5930219,1079393
ADE_25_01325,rbcLrouge,5930219,112186
ADE_25_01325,rbcLverte,5930219,76919
ADE_25_01326,12S160,7399051,879090
ADE_25_01326,18SV9,7399051,2578570
ADE_25_01326,COIB1,7399051,374470
ADE_25_01326,MiFishU,7399051,3262546
ADE_25_01326,rbcLrouge,7399051,118370
ADE_25_01326,rbcLverte,7399051,91931
ADE_25_01327,12S160,4670139,991299
ADE_25_01327,18SV9,4670139,1686819
ADE_25_01327,COIB1,4670139,598216
ADE_25_01327,MiFishU,4670139,1178468
ADE_25_01327,rbcLrouge,4670139,94983
ADE_25_01327,rbcLverte,4670139,66266
ADE_25_01328,12S160,4641102,741547
ADE_25_01328,18SV9,4641102,2108027
ADE_25_01328,COIB1,4641102,1079018
ADE_25_01328,MiFishU,4641102,462254
ADE_25_01328,rbcLrouge,4641102,116894
ADE_25_01328,rbcLverte,4641102,81190
ADE_25_01329,12S160,4651060,1171790
ADE_25_01329,18SV9,4651060,1534206
ADE_25_01329,COIB1,4651060,879240
ADE_25_01329,MiFishU,4651060,785369
ADE_25_01329,rbcLrouge,4651060,49021
ADE_25_01329,rbcLverte,4651060,86176
ADE_25_01330,12S160,3660614,1126741
ADE_25_01330,18SV9,3660614,1436114
ADE_25_01330,COIB1,3660614,421154
ADE_25_01330,MiFishU,3660614,408398
ADE_25_01330,rbcLrouge,3660614,132755
ADE_25_01330,rbcLverte,3660614,94881
ADE_25_01331,12S160,3158311,966418
ADE_25_01331,18SV9,3158311,1499439
ADE_25_01331,COIB1,3158311,239
ADE_25_01331,MiFishU,3158311,423229
ADE_25_01331,rbcLrouge,3158311,95990
ADE_25_01331,rbcLverte,3158311,78779
ADE_25_01332,12S160,4451638,2087861
ADE_25_01332,18SV9,4451638,1230094
ADE_25_01332,COIB1,4451638,553530
ADE_25_01332,MiFishU,4451638,258067
ADE_25_01332,rbcLrouge,4451638,78334
ADE_25_01332,rbcLverte,4451638,76255
ADE_25_01333,12S160,2378696,669050
ADE_25_01333,18SV9,2378696,961426
ADE_25_01333,COIB1,2378696,316654
ADE_25_01333,MiFishU,2378696,85164
ADE_25_01333,rbcLrouge,2378696,101459
ADE_25_01333,rbcLverte,2378696,82366
ADE_25_01334,12S160,5007623,840813
ADE_25_01334,18SV9,5007623,856654
ADE_25_01334,COIB1,5007623,1196056
ADE_25_01334,MiFishU,5007623,1852744
ADE_25_01334,rbcLrouge,5007623,103596
ADE_25_01334,rbcLverte,5007623,111617
ADE_25_01335,12S160,4494839,1026687
ADE_25_01335,18SV9,4494839,940215
ADE_25_01335,COIB1,4494839,296973
ADE_25_01335,MiFishU,4494839,2023037
ADE_25_01335,rbcLrouge,4494839,38985
ADE_25_01335,rbcLverte,4494839,98681
ADE_25_01336,12S160,5192800,1113465
ADE_25_01336,18SV9,5192800,903776
ADE_25_01336,COIB1,5192800,1223377
ADE_25_01336,MiFishU,5192800,1696954
ADE_25_01336,rbcLrouge,5192800,84915
ADE_25_01336,rbcLverte,5192800,95866
ADE_25_01337,12S160,6717774,846602
ADE_25_01337,18SV9,6717774,1329504
ADE_25_01337,COIB1,6717774,1671108
ADE_25_01337,MiFishU,6717774,2561433
ADE_25_01337,rbcLrouge,6717774,99360
ADE_25_01337,rbcLverte,6717774,73737
ADE_25_01338,12S160,6329996,2192575
ADE_25_01338,18SV9,6329996,1759986
ADE_25_01338,COIB1,6329996,1614951
ADE_25_01338,MiFishU,6329996,566936
ADE_25_01338,rbcLrouge,6329996,36286
ADE_25_01338,rbcLverte,6329996,68483
ADE_25_01339,12S160,6223475,1387238
ADE_25_01339,18SV9,6223475,1701205
ADE_25_01339,COIB1,6223475,1110155
ADE_25_01339,MiFishU,6223475,1762609
ADE_25_01339,rbcLrouge,6223475,120995
ADE_25_01339,rbcLverte,6223475,68167
ADE_25_01340,12S160,3349694,638606
ADE_25_01340,18SV9,3349694,909924
ADE_25_01340,COIB1,3349694,1343804
ADE_25_01340,MiFishU,3349694,3697
ADE_25_01340,rbcLrouge,3349694,111656
ADE_25_01340,rbcLverte,3349694,82175
ADE_25_01341,12S160,5246223,993065
ADE_25_01341,18SV9,5246223,2026708
ADE_25_01341,COIB1,5246223,672741
ADE_25_01341,MiFishU,5246223,1306819
ADE_25_01341,rbcLrouge,5246223,83715
ADE_25_01341,rbcLverte,5246223,117022
ADE_25_01342,12S160,5538774,1287718
ADE_25_01342,18SV9,5538774,1574643
ADE_25_01342,COIB1,5538774,841405
ADE_25_01342,MiFishU,5538774,1571288
ADE_25_01342,rbcLrouge,5538774,91075
ADE_25_01342,rbcLverte,5538774,97001
ADE_25_01343,12S160,6701636,1702369
ADE_25_01343,18SV9,6701636,1533089
ADE_25_01343,COIB1,6701636,834951
ADE_25_01343,MiFishU,6701636,2402062
ADE_25_01343,rbcLrouge,6701636,98458
ADE_25_01343,rbcLverte,6701636,74672
ADE_25_01344,12S160,4798696,266432
ADE_25_01344,18SV9,4798696,2461867
ADE_25_01344,COIB1,4798696,262002
ADE_25_01344,MiFishU,4798696,1574238
ADE_25_01344,rbcLrouge,4798696,93207
ADE_25_01344,rbcLverte,4798696,96660
ADE_25_01345,12S160,5412070,423268
ADE_25_01345,18SV9,5412070,2679838
ADE_25_01345,COIB1,5412070,741600
ADE_25_01345,MiFishU,5412070,1326799
ADE_25_01345,rbcLrouge,5412070,103254
ADE_25_01345,rbcLverte,5412070,89957
ADE_25_01346,12S160,3763525,437505
ADE_25_01346,18SV9,3763525,1943382
ADE_25_01346,COIB1,3763525,850684
ADE_25_01346,MiFishU,3763525,257496
ADE_25_01346,rbcLrouge,3763525,107652
ADE_25_01346,rbcLverte,3763525,130183
ADE_25_01347,12S160,5598706,919899
ADE_25_01347,18SV9,5598706,1991332
ADE_25_01347,COIB1,5598706,1766618
ADE_25_01347,MiFishU,5598706,663816
ADE_25_01347,rbcLrouge,5598706,77166
ADE_25_01347,rbcLverte,5598706,113588
ADE_25_01348,12S160,6523166,1051104
ADE_25_01348,18SV9,6523166,2433363
ADE_25_01348,COIB1,6523166,2121826
ADE_25_01348,MiFishU,6523166,616814
ADE_25_01348,rbcLrouge,6523166,115828
ADE_25_01348,rbcLverte,6523166,104440
ADE_25_01349,12S160,5841067,1139944
ADE_25_01349,18SV9,5841067,2148945
ADE_25_01349,COIB1,5841067,1756300
ADE_25_01349,MiFishU,5841067,469795
ADE_25_01349,rbcLrouge,5841067,124254
ADE_25_01349,rbcLverte,5841067,104424
ADE_25_01350,12S160,6051028,326542
ADE_25_01350,18SV9,6051028,2011439
ADE_25_01350,COIB1,6051028,2594133
ADE_25_01350,MiFishU,6051028,884589
ADE_25_01350,rbcLrouge,6051028,78240
ADE_25_01350,rbcLverte,6051028,98635
ADE_25_01351,12S160,4688574,430938
ADE_25_01351,18SV9,4688574,1956219
ADE_25_01351,COIB1,4688574,2021738
ADE_25_01351,MiFishU,4688574,49276
ADE_25_01351,rbcLrouge,4688574,102620
ADE_25_01351,rbcLverte,4688574,92097
ADE_25_01352,12S160,4603443,196705
ADE_25_01352,18SV9,4603443,1529117
ADE_25_01352,COIB1,4603443,2515105
ADE_25_01352,MiFishU,4603443,135494
ADE_25_01352,rbcLrouge,4603443,126555
ADE_25_01352,rbcLverte,4603443,71699
ADE_25_01353,12S160,5888267,894846
ADE_25_01353,18SV9,5888267,2982322
ADE_25_01353,COIB1,5888267,1254041
ADE_25_01353,MiFishU,5888267,549522
ADE_25_01353,rbcLrouge,5888267,36627
ADE_25_01353,rbcLverte,5888267,74515
ADE_25_01354,12S160,5562441,1179370
ADE_25_01354,18SV9,5562441,2577579
ADE_25_01354,COIB1,5562441,1034559
ADE_25_01354,MiFishU,5562441,495025
ADE_25_01354,rbcLrouge,5562441,103373
ADE_25_01354,rbcLverte,5562441,104372
ADE_25_01355,12S160,6547271,1467472
ADE_25_01355,18SV9,6547271,3714942
ADE_25_01355,COIB1,6547271,1015027
ADE_25_01355,MiFishU,6547271,42656
ADE_25_01355,rbcLrouge,6547271,104586
ADE_25_01355,rbcLverte,6547271,103370
ADE_25_01356,12S160,3774290,300475
ADE_25_01356,18SV9,3774290,1641346
ADE_25_01356,COIB1,3774290,1276880
ADE_25_01356,MiFishU,3774290,3303
ADE_25_01356,rbcLrouge,3774290,90241
ADE_25_01356,rbcLverte,3774290,70185
ADE_25_01357,12S160,5044625,1078889
ADE_25_01357,18SV9,5044625,1676543
ADE_25_01357,COIB1,5044625,1948305
ADE_25_01357,MiFishU,5044625,23255
ADE_25_01357,rbcLrouge,5044625,126400
ADE_25_01357,rbcLverte,5044625,90833
ADE_25_01358,12S160,5283416,1514214
ADE_25_01358,18SV9,5283416,2094561
ADE_25_01358,COIB1,5283416,1377614
ADE_25_01358,MiFishU,5283416,2579
ADE_25_01358,rbcLrouge,5283416,117576
ADE_25_01358,rbcLverte,5283416,72017
ADE_25_01359,12S160,2489435,837447
ADE_25_01359,18SV9,2489435,794099
ADE_25_01359,COIB1,2489435,418592
ADE_25_01359,MiFishU,2489435,102369
ADE_25_01359,rbcLrouge,2489435,65555
ADE_25_01359,rbcLverte,2489435,86804
ADE_25_01360,12S160,4143174,603772
ADE_25_01360,18SV9,4143174,1657850
ADE_25_01360,COIB1,4143174,1145499
ADE_25_01360,MiFishU,4143174,432423
ADE_25_01360,rbcLrouge,4143174,128728
ADE_25_01360,rbcLverte,4143174,136206
ADE_25_01361,12S160,5447737,1060790
ADE_25_01361,18SV9,5447737,1942690
ADE_25_01361,COIB1,5447737,1304494
ADE_25_01361,MiFishU,5447737,888871
ADE_25_01361,rbcLrouge,5447737,83965
ADE_25_01361,rbcLverte,5447737,107525
ADE_25_01362,12S160,5473765,767503
ADE_25_01362,18SV9,5473765,2146788
ADE_25_01362,COIB1,5473765,1101030
ADE_25_01362,MiFishU,5473765,1258594
ADE_25_01362,rbcLrouge,5473765,64667
ADE_25_01362,rbcLverte,5473765,81300
ADE_25_01363,12S160,7103298,340122
ADE_25_01363,18SV9,7103298,1530254
ADE_25_01363,COIB1,7103298,3103462
ADE_25_01363,MiFishU,7103298,1875881
ADE_25_01363,rbcLrouge,7103298,118389
ADE_25_01363,rbcLverte,7103298,88128
ADE_25_01364,12S160,6451213,393071
ADE_25_01364,18SV9,6451213,1523626
ADE_25_01364,COIB1,6451213,2283054
ADE_25_01364,MiFishU,6451213,2016860
ADE_25_01364,rbcLrouge,6451213,104330
ADE_25_01364,rbcLverte,6451213,86462
ADE_25_01365,12S160,5994636,614751
ADE_25_01365,18SV9,5994636,2493603
ADE_25_01365,COIB1,5994636,2621310
ADE_25_01365,MiFishU,5994636,24447
ADE_25_01365,rbcLrouge,5994636,110600
ADE_25_01365,rbcLverte,5994636,74375
ADE_25_01366,12S160,3313930,580800
ADE_25_01366,18SV9,3313930,845195
ADE_25_01366,COIB1,3313930,688136
ADE_25_01366,MiFishU,3313930,783187
ADE_25_01366,rbcLrouge,3313930,158972
ADE_25_01366,rbcLverte,3313930,163178
ADE_25_01367,12S160,3281822,377382
ADE_25_01367,18SV9,3281822,1024572
ADE_25_01367,COIB1,3281822,504547
ADE_25_01367,MiFishU,3281822,1054616
ADE_25_01367,rbcLrouge,3281822,122334
ADE_25_01367,rbcLverte,3281822,166923
ADE_25_01368,12S160,2845300,522489
ADE_25_01368,18SV9,2845300,1181120
ADE_25_01368,COIB1,2845300,457472
ADE_25_01368,MiFishU,2845300,363931
ADE_25_01368,rbcLrouge,2845300,110943
ADE_25_01368,rbcLverte,2845300,173688
ADE_25_01369,12S160,6859213,1421625
ADE_25_01369,18SV9,6859213,2613254
ADE_25_01369,COIB1,6859213,1322892
ADE_25_01369,MiFishU,6859213,1141406
ADE_25_01369,rbcLrouge,6859213,150029
ADE_25_01369,rbcLverte,6859213,100285
ADE_25_01370,12S160,5655892,1068636
ADE_25_01370,18SV9,5655892,2944941
ADE_25_01370,COIB1,5655892,972579
ADE_25_01370,MiFishU,5655892,240567
ADE_25_01370,rbcLrouge,5655892,133421
ADE_25_01370,rbcLverte,5655892,110436
ADE_25_01371,12S160,5757134,730560
ADE_25_01371,18SV9,5757134,2811564
ADE_25_01371,COIB1,5757134,1353939
ADE_25_01371,MiFishU,5757134,554168
ADE_25_01371,rbcLrouge,5757134,100055
ADE_25_01371,rbcLverte,5757134,94763
ADE_25_01372,12S160,5606275,559938
ADE_25_01372,18SV9,5606275,4313435
ADE_25_01372,COIB1,5606275,47234
ADE_25_01372,MiFishU,5606275,134032
ADE_25_01372,rbcLrouge,5606275,89698
ADE_25_01372,rbcLverte,5606275,93657
ADE_25_01373,12S160,5516165,1123120
ADE_25_01373,18SV9,5516165,1675372
ADE_25_01373,COIB1,5516165,695127
ADE_25_01373,MiFishU,5516165,1782880
ADE_25_01373,rbcLrouge,5516165,77757
ADE_25_01373,rbcLverte,5516165,118703
ADE_25_01374,12S160,4318293,878657
ADE_25_01374,18SV9,4318293,1928412
ADE_25_01374,COIB1,4318293,421488
ADE_25_01374,MiFishU,4318293,827089
ADE_25_01374,rbcLrouge,4318293,91874
ADE_25_01374,rbcLverte,4318293,130103
ADE_25_01375,12S160,5990234,811523
ADE_25_01375,18SV9,5990234,1986332
ADE_25_01375,COIB1,5990234,1064067
ADE_25_01375,MiFishU,5990234,1836996
ADE_25_01375,rbcLrouge,5990234,108654
ADE_25_01375,rbcLverte,5990234,128411
ADE_25_01376,12S160,4474480,492292
ADE_25_01376,18SV9,4474480,2270578
ADE_25_01376,COIB1,4474480,849436
ADE_25_01376,MiFishU,4474480,606969
ADE_25_01376,rbcLrouge,4474480,91089
ADE_25_01376,rbcLverte,4474480,109674
ADE_25_01377,12S160,4497252,417897
ADE_25_01377,18SV9,4497252,2679721
ADE_25_01377,COIB1,4497252,647669
ADE_25_01377,MiFishU,4497252,558781
ADE_25_01377,rbcLrouge,4497252,18302
ADE_25_01377,rbcLverte,4497252,124390
ADE_25_01378,12S160,6336464,859464
ADE_25_01378,18SV9,6336464,1936586
ADE_25_01378,COIB1,6336464,657773
ADE_25_01378,MiFishU,6336464,2632489
ADE_25_01378,rbcLrouge,6336464,106951
ADE_25_01378,rbcLverte,6336464,87113
ADE_25_01379,12S160,3766217,254470
ADE_25_01379,18SV9,3766217,1319930
ADE_25_01379,COIB1,3766217,1656614
ADE_25_01379,MiFishU,3766217,98716
ADE_25_01379,rbcLrouge,3766217,44216
ADE_25_01379,rbcLverte,3766217,70140
ADE_25_01380,12S160,4901925,413090
ADE_25_01380,18SV9,4901925,1420888
ADE_25_01380,COIB1,4901925,880320
ADE_25_01380,MiFishU,4901925,1902296
ADE_25_01380,rbcLrouge,4901925,98668
ADE_25_01380,rbcLverte,4901925,126567
ADE_25_01381,12S160,5319249,1261695
ADE_25_01381,18SV9,5319249,1179395
ADE_25_01381,COIB1,5319249,918907
ADE_25_01381,MiFishU,5319249,1665545
ADE_25_01381,rbcLrouge,5319249,91143
ADE_25_01381,rbcLverte,5319249,144234
ADE_25_01382,12S160,5481435,1326201
ADE_25_01382,18SV9,5481435,1333894
ADE_25_01382,COIB1,5481435,773711
ADE_25_01382,MiFishU,5481435,1756196
ADE_25_01382,rbcLrouge,5481435,96106
ADE_25_01382,rbcLverte,5481435,146418
ADE_25_01383,12S160,4329826,570240
ADE_25_01383,18SV9,4329826,1898840
ADE_25_01383,COIB1,4329826,636022
ADE_25_01383,MiFishU,4329826,1012486
ADE_25_01383,rbcLrouge,4329826,85802
ADE_25_01383,rbcLverte,4329826,86188
ADE_25_01384,12S160,4490405,624651
ADE_25_01384,18SV9,4490405,1870797
ADE_25_01384,COIB1,4490405,742729
ADE_25_01384,MiFishU,4490405,1052666
ADE_25_01384,rbcLrouge,4490405,88135
ADE_25_01384,rbcLverte,4490405,74282
ADE_25_01385,12S160,5460235,662523
ADE_25_01385,18SV9,5460235,2217198
ADE_25_01385,COIB1,5460235,586024
ADE_25_01385,MiFishU,5460235,1763609
ADE_25_01385,rbcLrouge,5460235,69722
ADE_25_01385,rbcLverte,5460235,105835
ADE_25_01386,12S160,2786156,578224
ADE_25_01386,18SV9,2786156,543109
ADE_25_01386,COIB1,2786156,1105963
ADE_25_01386,MiFishU,2786156,238097
ADE_25_01386,rbcLrouge,2786156,101626
ADE_25_01386,rbcLverte,2786156,89745
ADE_25_01387,12S160,5194654,691244
ADE_25_01387,18SV9,5194654,1658424
ADE_25_01387,COIB1,5194654,1099763
ADE_25_01387,MiFishU,5194654,1420731
ADE_25_01387,rbcLrouge,5194654,99837
ADE_25_01387,rbcLverte,5194654,158275
ADE_25_01388,12S160,5338320,593255
ADE_25_01388,18SV9,5338320,1475983
ADE_25_01388,COIB1,5338320,1240018
ADE_25_01388,MiFishU,5338320,1729939
ADE_25_01388,rbcLrouge,5338320,104444
ADE_25_01388,rbcLverte,5338320,155792
ADE_25_01389,12S160,6383160,817629
ADE_25_01389,18SV9,6383160,1581355
ADE_25_01389,COIB1,6383160,1132944
ADE_25_01389,MiFishU,6383160,2546360
ADE_25_01389,rbcLrouge,6383160,97791
ADE_25_01389,rbcLverte,6383160,149313
ADE_25_01390,12S160,5755759,581428
ADE_25_01390,18SV9,5755759,1956159
ADE_25_01390,COIB1,5755759,860029
ADE_25_01390,MiFishU,5755759,2088966
ADE_25_01390,rbcLrouge,5755759,99730
ADE_25_01390,rbcLverte,5755759,107795
ADE_25_01391,12S160,3819560,396622
ADE_25_01391,18SV9,3819560,1928721
ADE_25_01391,COIB1,3819560,495650
ADE_25_01391,MiFishU,3819560,704567
ADE_25_01391,rbcLrouge,3819560,92861
ADE_25_01391,rbcLverte,3819560,123440
ADE_25_01392,12S160,5040868,640414
ADE_25_01392,18SV9,5040868,2188702
ADE_25_01392,COIB1,5040868,572577
ADE_25_01392,MiFishU,5040868,1395566
ADE_25_01392,rbcLrouge,5040868,90465
ADE_25_01392,rbcLverte,5040868,106985
ADE_25_01393,12S160,6162179,720499
ADE_25_01393,18SV9,6162179,3148781
ADE_25_01393,COIB1,6162179,1357315
ADE_25_01393,MiFishU,6162179,528571
ADE_25_01393,rbcLrouge,6162179,133331
ADE_25_01393,rbcLverte,6162179,92354
ADE_25_01394,12S160,3997809,1109734
ADE_25_01394,18SV9,3997809,1491279
ADE_25_01394,COIB1,3997809,438955
ADE_25_01394,MiFishU,3997809,722355
ADE_25_01394,rbcLrouge,3997809,79442
ADE_25_01394,rbcLverte,3997809,119072
ADE_25_01395,12S160,4551639,1552084
ADE_25_01395,18SV9,4551639,1541786
ADE_25_01395,COIB1,4551639,488230
ADE_25_01395,MiFishU,4551639,621368
ADE_25_01395,rbcLrouge,4551639,116145
ADE_25_01395,rbcLverte,4551639,191275
ADE_25_01396,12S160,5870182,1524574
ADE_25_01396,18SV9,5870182,1657958
ADE_25_01396,COIB1,5870182,960515
ADE_25_01396,MiFishU,5870182,1484819
ADE_25_01396,rbcLrouge,5870182,73471
ADE_25_01396,rbcLverte,5870182,119979
ADE_25_01397,12S160,4581676,1088760
ADE_25_01397,18SV9,4581676,2369897
ADE_25_01397,COIB1,4581676,854753
ADE_25_01397,MiFishU,4581676,11618
ADE_25_01397,rbcLrouge,4581676,105871
ADE_25_01397,rbcLverte,4581676,104352
ADE_25_01398,12S160,4778155,1242285
ADE_25_01398,18SV9,4778155,2516118
ADE_25_01398,COIB1,4778155,696037
ADE_25_01398,MiFishU,4778155,45371
ADE_25_01398,rbcLrouge,4778155,81565
ADE_25_01398,rbcLverte,4778155,134385
ADE_25_01399,12S160,5133636,1152364
ADE_25_01399,18SV9,5133636,2678505
ADE_25_01399,COIB1,5133636,893080
ADE_25_01399,MiFishU,5133636,18068
ADE_25_01399,rbcLrouge,5133636,141096
ADE_25_01399,rbcLverte,5133636,204744
ADE_25_01400,12S160,2586419,325933
ADE_25_01400,18SV9,2586419,913316
ADE_25_01400,COIB1,2586419,270149
ADE_25_01400,MiFishU,2586419,387659
ADE_25_01400,rbcLrouge,2586419,53621
ADE_25_01400,rbcLverte,2586419,101957
ADE_25_01401,12S160,2522966,973367
ADE_25_01401,18SV9,2522966,818096
ADE_25_01401,COIB1,2522966,255382
ADE_25_01401,MiFishU,2522966,67330
ADE_25_01401,rbcLrouge,2522966,105931
ADE_25_01401,rbcLverte,2522966,101061
ADE_25_01402,12S160,2165684,562430
ADE_25_01402,18SV9,2165684,768831
ADE_25_01402,COIB1,2165684,398440
ADE_25_01402,MiFishU,2165684,115200
ADE_25_01402,rbcLrouge,2165684,96148
ADE_25_01402,rbcLverte,2165684,85128
ADE_25_01403,12S160,2217982,37508
ADE_25_01403,18SV9,2217982,910434
ADE_25_01403,COIB1,2217982,361506
ADE_25_01403,MiFishU,2217982,173820
ADE_25_01403,rbcLrouge,2217982,101493
ADE_25_01403,rbcLverte,2217982,100945
ADE_25_01404,12S160,1803431,82667
ADE_25_01404,18SV9,1803431,891648
ADE_25_01404,COIB1,1803431,184360
ADE_25_01404,MiFishU,1803431,68760
ADE_25_01404,rbcLrouge,1803431,38291
ADE_25_01404,rbcLverte,1803431,87130
ADE_25_01640,12S160,4162877,457295
ADE_25_01640,18SV9,4162877,1011338
ADE_25_01640,COIB1,4162877,1892862
ADE_25_01640,MiFishU,4162877,494086
ADE_25_01640,rbcLrouge,4162877,119530
ADE_25_01640,rbcLverte,4162877,114686
ADE_25_01641,12S160,2086208,506480
ADE_25_01641,18SV9,2086208,985111
ADE_25_01641,COIB1,2086208,210188
ADE_25_01641,MiFishU,2086208,83152
ADE_25_01641,rbcLrouge,2086208,145435
ADE_25_01641,rbcLverte,2086208,95788
ADE_25_01642,12S160,2248695,609522
ADE_25_01642,18SV9,2248695,859029
ADE_25_01642,COIB1,2248695,253107
ADE_25_01642,MiFishU,2248695,151241
ADE_25_01642,rbcLrouge,2248695,117202
ADE_25_01642,rbcLverte,2248695,89580
N_25_00090,12S160,1400606,282093
N_25_00090,18SV9,1400606,1
N_25_00090,COIB1,1400606,394127
N_25_00090,MiFishU,1400606,206521
N_25_00090,rbcLrouge,1400606,0
N_25_00090,rbcLverte,1400606,1
N_25_00091,12S160,1197131,404116
N_25_00091,18SV9,1197131,200676
N_25_00091,COIB1,1197131,107479
N_25_00091,MiFishU,1197131,192411
N_25_00091,rbcLrouge,1197131,98074
N_25_00091,rbcLverte,1197131,83545
N_25_00092,12S160,1687282,98323
N_25_00092,18SV9,1687282,867198
N_25_00092,COIB1,1687282,166620
N_25_00092,MiFishU,1687282,52540
N_25_00092,rbcLrouge,1687282,98528
N_25_00092,rbcLverte,1687282,79146
N_25_00093,12S160,1567084,99821
N_25_00093,18SV9,1567084,490520
N_25_00093,COIB1,1567084,295983
N_25_00093,MiFishU,1567084,156872
N_25_00093,rbcLrouge,1567084,128263
N_25_00093,rbcLverte,1567084,95731
P_25_00072,12S160,6196313,1794234
P_25_00072,18SV9,6196313,0
P_25_00072,COIB1,6196313,1779883
P_25_00072,MiFishU,6196313,2574515
P_25_00072,rbcLrouge,6196313,1
P_25_00072,rbcLverte,6196313,0
P_25_00073,12S160,13338511,4081282
P_25_00073,18SV9,13338511,6
P_25_00073,COIB1,13338511,4773587
P_25_00073,MiFishU,13338511,4376825
P_25_00073,rbcLrouge,13338511,3
P_25_00073,rbcLverte,13338511,4
P_25_00074,12S160,10651402,3263233
P_25_00074,18SV9,10651402,1
P_25_00074,COIB1,10651402,3129371
P_25_00074,MiFishU,10651402,4156878
P_25_00074,rbcLrouge,10651402,1
P_25_00074,rbcLverte,10651402,3
P_25_00075,12S160,10217911,3572158
P_25_00075,18SV9,10217911,2984682
P_25_00075,COIB1,10217911,3249
P_25_00075,MiFishU,10217911,3392520
P_25_00075,rbcLrouge,10217911,76026
P_25_00075,rbcLverte,10217911,76357
P_25_00076,12S160,16460236,3687474
P_25_00076,18SV9,16460236,4112490
P_25_00076,COIB1,16460236,3284992
P_25_00076,MiFishU,16460236,5019581
P_25_00076,rbcLrouge,16460236,132556
P_25_00076,rbcLverte,16460236,74483
P_25_00077,12S160,13334416,3603900
P_25_00077,18SV9,13334416,3692590
P_25_00077,COIB1,13334416,2095570
P_25_00077,MiFishU,13334416,3655077
P_25_00077,rbcLrouge,13334416,74248
P_25_00077,rbcLverte,13334416,84910
P_25_00078,12S160,18869066,4411346
P_25_00078,18SV9,18869066,3767784
P_25_00078,COIB1,18869066,5644694
P_25_00078,MiFishU,18869066,4697281
P_25_00078,rbcLrouge,18869066,120268
P_25_00078,rbcLverte,18869066,75049
P_25_00079,12S160,19108948,3919376
P_25_00079,18SV9,19108948,4118263
P_25_00079,COIB1,19108948,5462563
P_25_00079,MiFishU,19108948,5278552
P_25_00079,rbcLrouge,19108948,101378
P_25_00079,rbcLverte,19108948,70194
P_25_00080,12S160,22051195,4622727
P_25_00080,18SV9,22051195,4752517
P_25_00080,COIB1,22051195,6356593
P_25_00080,MiFishU,22051195,5931506
P_25_00080,rbcLrouge,22051195,125550
P_25_00080,rbcLverte,22051195,89191
P_25_00081,12S160,15403109,3664173
P_25_00081,18SV9,15403109,3456901
P_25_00081,COIB1,15403109,5072199
P_25_00081,MiFishU,15403109,2876070
P_25_00081,rbcLrouge,15403109,95208
P_25_00081,rbcLverte,15403109,109490
P_25_00082,12S160,23633654,4881306
P_25_00082,18SV9,23633654,4646954
P_25_00082,COIB1,23633654,7650214
P_25_00082,MiFishU,23633654,6012408
P_25_00082,rbcLrouge,23633654,144547
P_25_00082,rbcLverte,23633654,117216
P_25_00083,12S160,21035805,4190263
P_25_00083,18SV9,21035805,4407487
P_25_00083,COIB1,21035805,5370114
P_25_00083,MiFishU,21035805,6698678
P_25_00083,rbcLrouge,21035805,96204
P_25_00083,rbcLverte,21035805,96505
