ID_sample,Loci,Merge,ESVlength,Final
ADE_25_00688,12S160,415,414,88
ADE_25_00689,12S160,900,898,105
ADE_25_00690,12S160,591,591,109
ADE_25_00691,12S160,0,0,0
ADE_25_00692,12S160,0,0,0
ADE_25_00693,12S160,244,240,70
ADE_25_00694,12S160,810,810,76
ADE_25_00695,12S160,801,801,73
ADE_25_00696,12S160,4,3,3
ADE_25_00697,12S160,438,435,76
ADE_25_00698,12S160,2184,2184,115
ADE_25_00699,12S160,1679,1679,120
ADE_25_00700,12S160,1,1,1
ADE_25_00701,12S160,340,338,87
ADE_25_00702,12S160,1358,1358,157
ADE_25_00703,12S160,745,745,84
ADE_25_00704,12S160,990,989,133
ADE_25_00705,12S160,618,618,91
ADE_25_00706,12S160,593,593,102
ADE_25_00707,12S160,635,634,97
ADE_25_00708,12S160,869,867,99
ADE_25_00709,12S160,832,829,98
ADE_25_00710,12S160,928,927,102
ADE_25_00711,12S160,99,99,30
ADE_25_00712,12S160,210,209,61
ADE_25_00713,12S160,832,831,110
ADE_25_00714,12S160,1,1,1
ADE_25_00715,12S160,675,674,100
ADE_25_00716,12S160,325,324,81
ADE_25_00717,12S160,1118,1117,122
ADE_25_00718,12S160,1156,1154,133
ADE_25_00720,12S160,3,2,2
ADE_25_00730,12S160,878,877,126
ADE_25_00731,12S160,340,335,71
ADE_25_00732,12S160,1224,1222,138
ADE_25_00733,12S160,215,214,60
ADE_25_00734,12S160,671,670,108
ADE_25_00735,12S160,1184,1178,135
ADE_25_00736,12S160,514,513,97
ADE_25_00737,12S160,765,762,118
ADE_25_00738,12S160,542,541,101
ADE_25_00739,12S160,103,97,50
ADE_25_00740,12S160,156,156,50
ADE_25_00741,12S160,1248,1246,149
ADE_25_00742,12S160,418,416,65
ADE_25_00743,12S160,1074,1072,126
ADE_25_00744,12S160,543,541,99
ADE_25_00745,12S160,959,959,140
ADE_25_00746,12S160,345,340,70
ADE_25_00747,12S160,1177,1176,150
ADE_25_00748,12S160,532,522,82
ADE_25_00749,12S160,988,987,144
ADE_25_00750,12S160,90,86,42
ADE_25_00751,12S160,435,433,66
ADE_25_00752,12S160,137,127,49
ADE_25_00753,12S160,466,462,104
ADE_25_00754,12S160,473,464,88
ADE_25_00755,12S160,3,3,3
ADE_25_00756,12S160,227,226,69
ADE_25_00757,12S160,641,638,91
ADE_25_00758,12S160,811,806,139
ADE_25_00759,12S160,32,30,20
ADE_25_00760,12S160,191,190,60
ADE_25_00761,12S160,63,31,25
ADE_25_00762,12S160,385,380,106
ADE_25_00763,12S160,299,265,86
ADE_25_00764,12S160,710,710,118
ADE_25_00765,12S160,26,21,15
ADE_25_00766,12S160,1201,1197,158
ADE_25_00767,12S160,909,905,114
ADE_25_00768,12S160,751,747,119
ADE_25_00769,12S160,380,362,87
ADE_25_00770,12S160,893,890,115
ADE_25_00771,12S160,1292,1291,127
ADE_25_00772,12S160,13,13,5
ADE_25_00773,12S160,1,1,1
ADE_25_01177,12S160,116,113,61
ADE_25_01178,12S160,1155,1149,125
ADE_25_01179,12S160,305,302,96
ADE_25_01180,12S160,203,203,72
ADE_25_01181,12S160,256,253,58
ADE_25_01182,12S160,128,127,58
ADE_25_01183,12S160,2,2,2
ADE_25_01184,12S160,535,529,101
ADE_25_01185,12S160,425,417,91
ADE_25_01186,12S160,1431,1428,133
ADE_25_01187,12S160,173,170,64
ADE_25_01188,12S160,69,67,50
ADE_25_01189,12S160,138,134,69
ADE_25_01190,12S160,387,379,82
ADE_25_01191,12S160,311,306,72
ADE_25_01192,12S160,300,297,75
ADE_25_01193,12S160,51,49,31
ADE_25_01194,12S160,42,40,22
ADE_25_01195,12S160,133,131,70
ADE_25_01196,12S160,2,2,2
ADE_25_01197,12S160,896,894,106
ADE_25_01198,12S160,1088,1084,97
ADE_25_01199,12S160,1681,1678,152
ADE_25_01200,12S160,655,654,132
ADE_25_01201,12S160,346,343,68
ADE_25_01202,12S160,1160,1156,152
ADE_25_01203,12S160,753,752,74
ADE_25_01204,12S160,964,964,79
ADE_25_01205,12S160,945,945,84
ADE_25_01206,12S160,414,409,89
ADE_25_01207,12S160,558,553,96
ADE_25_01208,12S160,668,666,104
ADE_25_01209,12S160,1603,1600,168
ADE_25_01210,12S160,2191,2191,160
ADE_25_01211,12S160,2173,2173,168
ADE_25_01212,12S160,1632,1632,132
ADE_25_01213,12S160,1382,1381,133
ADE_25_01214,12S160,2121,2121,164
ADE_25_01215,12S160,888,886,117
ADE_25_01216,12S160,841,839,140
ADE_25_01217,12S160,1518,1516,181
ADE_25_01218,12S160,1,1,1
ADE_25_01219,12S160,888,886,120
ADE_25_01220,12S160,933,932,101
ADE_25_01221,12S160,737,734,105
ADE_25_01222,12S160,529,527,83
ADE_25_01223,12S160,262,260,84
ADE_25_01224,12S160,280,278,65
ADE_25_01225,12S160,4,3,3
ADE_25_01226,12S160,601,597,122
ADE_25_01227,12S160,676,675,108
ADE_25_01228,12S160,479,477,97
ADE_25_01229,12S160,96,95,38
ADE_25_01230,12S160,173,171,47
ADE_25_01231,12S160,365,362,73
ADE_25_01232,12S160,622,620,90
ADE_25_01233,12S160,200,197,68
ADE_25_01234,12S160,1026,1025,124
ADE_25_01235,12S160,1252,1251,135
ADE_25_01236,12S160,1307,1302,132
ADE_25_01237,12S160,1073,1070,149
ADE_25_01238,12S160,1434,1430,155
ADE_25_01239,12S160,1048,1042,145
ADE_25_01240,12S160,1084,1081,140
ADE_25_01241,12S160,1436,1433,171
ADE_25_01242,12S160,1556,1554,156
ADE_25_01243,12S160,1,1,1
ADE_25_01244,12S160,1772,1771,165
ADE_25_01245,12S160,1633,1633,156
ADE_25_01246,12S160,1782,1782,185
ADE_25_01247,12S160,353,351,77
ADE_25_01248,12S160,726,725,90
ADE_25_01249,12S160,824,823,111
ADE_25_01250,12S160,518,518,98
ADE_25_01251,12S160,701,701,94
ADE_25_01252,12S160,368,368,73
ADE_25_01253,12S160,425,424,79
ADE_25_01254,12S160,1515,1514,166
ADE_25_01255,12S160,1178,1177,141
ADE_25_01256,12S160,471,469,91
ADE_25_01257,12S160,604,603,96
ADE_25_01258,12S160,605,601,82
ADE_25_01259,12S160,356,356,82
ADE_25_01260,12S160,85,85,43
ADE_25_01261,12S160,89,81,58
ADE_25_01262,12S160,603,603,131
ADE_25_01263,12S160,139,139,55
ADE_25_01264,12S160,200,200,77
ADE_25_01265,12S160,80,80,31
ADE_25_01266,12S160,17,16,16
ADE_25_01267,12S160,28,26,26
ADE_25_01268,12S160,140,138,60
ADE_25_01269,12S160,87,87,66
ADE_25_01270,12S160,180,179,68
ADE_25_01271,12S160,224,224,55
ADE_25_01272,12S160,172,171,52
ADE_25_01273,12S160,137,137,62
ADE_25_01274,12S160,71,69,37
ADE_25_01275,12S160,232,229,69
ADE_25_01276,12S160,66,63,35
ADE_25_01277,12S160,68,67,51
ADE_25_01278,12S160,72,71,59
ADE_25_01279,12S160,59,57,47
ADE_25_01280,12S160,260,260,78
ADE_25_01281,12S160,82,81,52
ADE_25_01282,12S160,88,86,53
ADE_25_01283,12S160,11,10,10
ADE_25_01284,12S160,314,313,96
ADE_25_01285,12S160,596,596,106
ADE_25_01286,12S160,277,277,88
ADE_25_01287,12S160,326,326,89
ADE_25_01288,12S160,76,76,58
ADE_25_01289,12S160,99,99,30
ADE_25_01290,12S160,165,165,53
ADE_25_01291,12S160,328,328,66
ADE_25_01292,12S160,259,258,63
ADE_25_01293,12S160,707,705,114
ADE_25_01294,12S160,1163,1163,142
ADE_25_01295,12S160,898,893,122
ADE_25_01296,12S160,261,255,64
ADE_25_01297,12S160,281,279,89
ADE_25_01298,12S160,378,376,81
ADE_25_01299,12S160,654,651,88
ADE_25_01300,12S160,1096,1095,123
ADE_25_01301,12S160,350,346,95
ADE_25_01302,12S160,144,141,59
ADE_25_01303,12S160,275,274,61
ADE_25_01304,12S160,215,215,46
ADE_25_01305,12S160,655,654,105
ADE_25_01306,12S160,993,992,131
ADE_25_01307,12S160,0,0,0
ADE_25_01308,12S160,472,471,95
ADE_25_01309,12S160,606,604,119
ADE_25_01310,12S160,46,45,40
ADE_25_01311,12S160,797,793,95
ADE_25_01312,12S160,21,17,14
ADE_25_01313,12S160,138,138,52
ADE_25_01314,12S160,245,245,63
ADE_25_01315,12S160,52,50,29
ADE_25_01316,12S160,120,119,38
ADE_25_01317,12S160,226,225,76
ADE_25_01318,12S160,165,165,71
ADE_25_01319,12S160,647,647,109
ADE_25_01320,12S160,1,1,1
ADE_25_01321,12S160,1967,1965,135
ADE_25_01322,12S160,1578,1577,113
ADE_25_01323,12S160,2129,2129,163
ADE_25_01324,12S160,381,378,69
ADE_25_01325,12S160,290,288,77
ADE_25_01326,12S160,213,213,77
ADE_25_01327,12S160,83,80,35
ADE_25_01328,12S160,159,159,51
ADE_25_01329,12S160,245,245,64
ADE_25_01330,12S160,505,505,98
ADE_25_01331,12S160,239,239,65
ADE_25_01332,12S160,225,225,60
ADE_25_01333,12S160,1,1,1
ADE_25_01334,12S160,114,113,44
ADE_25_01335,12S160,372,372,73
ADE_25_01336,12S160,412,412,76
ADE_25_01337,12S160,66,62,42
ADE_25_01338,12S160,555,555,129
ADE_25_01339,12S160,131,129,51
ADE_25_01340,12S160,5,5,5
ADE_25_01341,12S160,530,530,76
ADE_25_01342,12S160,1199,1199,104
ADE_25_01343,12S160,1582,1582,140
ADE_25_01344,12S160,55,52,17
ADE_25_01345,12S160,38,37,30
ADE_25_01346,12S160,70,67,24
ADE_25_01347,12S160,225,223,57
ADE_25_01348,12S160,102,102,62
ADE_25_01349,12S160,88,88,60
ADE_25_01350,12S160,74,73,24
ADE_25_01351,12S160,126,125,34
ADE_25_01352,12S160,53,51,24
ADE_25_01353,12S160,26,25,21
ADE_25_01354,12S160,147,146,38
ADE_25_01355,12S160,74,74,48
ADE_25_01356,12S160,16,15,13
ADE_25_01357,12S160,7,7,7
ADE_25_01358,12S160,7,7,4
ADE_25_01359,12S160,1,0,0
ADE_25_01360,12S160,323,322,76
ADE_25_01361,12S160,125,125,70
ADE_25_01362,12S160,251,250,74
ADE_25_01363,12S160,135,134,49
ADE_25_01364,12S160,134,132,43
ADE_25_01365,12S160,132,131,46
ADE_25_01366,12S160,68,56,27
ADE_25_01367,12S160,175,167,39
ADE_25_01368,12S160,240,234,50
ADE_25_01369,12S160,47,47,38
ADE_25_01370,12S160,38,37,27
ADE_25_01371,12S160,193,192,71
ADE_25_01372,12S160,1,1,1
ADE_25_01373,12S160,879,877,96
ADE_25_01374,12S160,546,545,83
ADE_25_01375,12S160,496,495,85
ADE_25_01376,12S160,113,111,45
ADE_25_01377,12S160,59,58,34
ADE_25_01378,12S160,337,335,78
ADE_25_01379,12S160,0,0,0
ADE_25_01380,12S160,37,37,22
ADE_25_01381,12S160,579,578,107
ADE_25_01382,12S160,626,625,101
ADE_25_01383,12S160,47,42,23
ADE_25_01384,12S160,216,214,53
ADE_25_01385,12S160,20,18,15
ADE_25_01386,12S160,0,0,0
ADE_25_01387,12S160,175,175,68
ADE_25_01388,12S160,88,86,51
ADE_25_01389,12S160,238,238,74
ADE_25_01390,12S160,79,78,44
ADE_25_01391,12S160,51,50,21
ADE_25_01392,12S160,227,225,60
ADE_25_01393,12S160,2,2,2
ADE_25_01394,12S160,1053,1053,109
ADE_25_01395,12S160,1777,1777,120
ADE_25_01396,12S160,1327,1327,125
ADE_25_01397,12S160,37,33,32
ADE_25_01398,12S160,48,41,36
ADE_25_01399,12S160,38,31,30
ADE_25_01400,12S160,1,1,1
ADE_25_01401,12S160,116,116,54
ADE_25_01402,12S160,1,1,1
ADE_25_01403,12S160,1,1,1
ADE_25_01404,12S160,0,0,0
ADE_25_01640,12S160,3,3,3
ADE_25_01641,12S160,1,1,1
N_25_00090,12S160,1,1,1
N_25_00091,12S160,0,0,0
N_25_00092,12S160,1,1,1
P_25_00072,12S160,280,280,91
P_25_00073,12S160,595,595,105
P_25_00074,12S160,363,363,105
P_25_00075,12S160,384,384,105
P_25_00076,12S160,452,452,90
P_25_00077,12S160,357,357,94
P_25_00078,12S160,315,315,98
P_25_00079,12S160,484,484,98
P_25_00080,12S160,395,395,100
P_25_00081,12S160,287,287,93
P_25_00082,12S160,592,592,102
P_25_00083,12S160,255,255,90
ADE_25_00688,COIB1,3152,3114,429
ADE_25_00689,COIB1,2854,2775,362
ADE_25_00690,COIB1,2601,2514,326
ADE_25_00691,COIB1,1064,1063,86
ADE_25_00692,COIB1,399,398,71
ADE_25_00693,COIB1,5311,5246,417
ADE_25_00694,COIB1,2774,2676,127
ADE_25_00695,COIB1,3454,2986,146
ADE_25_00696,COIB1,10,10,9
ADE_25_00697,COIB1,6790,6697,362
ADE_25_00698,COIB1,2447,2389,491
ADE_25_00699,COIB1,2106,2069,547
ADE_25_00700,COIB1,8356,8355,196
ADE_25_00701,COIB1,5274,5156,497
ADE_25_00702,COIB1,4389,4338,435
ADE_25_00703,COIB1,1993,1965,289
ADE_25_00704,COIB1,4588,4512,499
ADE_25_00705,COIB1,1547,1507,281
ADE_25_00706,COIB1,2137,2102,296
ADE_25_00707,COIB1,1534,1492,307
ADE_25_00708,COIB1,4937,4870,386
ADE_25_00709,COIB1,3365,3297,431
ADE_25_00710,COIB1,4068,4010,338
ADE_25_00711,COIB1,348,346,136
ADE_25_00712,COIB1,5671,5606,397
ADE_25_00713,COIB1,3224,3173,458
ADE_25_00714,COIB1,1275,1250,140
ADE_25_00715,COIB1,1295,1201,301
ADE_25_00716,COIB1,12057,12011,376
ADE_25_00717,COIB1,3754,3698,422
ADE_25_00718,COIB1,3054,3032,397
ADE_25_00719,COIB1,2,1,1
ADE_25_00720,COIB1,19,18,10
ADE_25_00730,COIB1,5090,5026,569
ADE_25_00731,COIB1,1452,520,285
ADE_25_00732,COIB1,6483,6394,526
ADE_25_00733,COIB1,1604,1350,333
ADE_25_00734,COIB1,5606,5549,476
ADE_25_00735,COIB1,1810,1718,292
ADE_25_00736,COIB1,4933,4855,547
ADE_25_00737,COIB1,1870,1427,259
ADE_25_00738,COIB1,3387,3150,480
ADE_25_00739,COIB1,1463,1135,282
ADE_25_00740,COIB1,92,1,1
ADE_25_00741,COIB1,6295,6245,449
ADE_25_00742,COIB1,1988,972,300
ADE_25_00743,COIB1,7952,7853,501
ADE_25_00744,COIB1,1292,597,298
ADE_25_00745,COIB1,5474,5421,458
ADE_25_00746,COIB1,1955,744,274
ADE_25_00747,COIB1,5009,4953,361
ADE_25_00748,COIB1,1773,1277,291
ADE_25_00749,COIB1,7648,7605,517
ADE_25_00750,COIB1,2431,808,290
ADE_25_00751,COIB1,1115,1084,280
ADE_25_00752,COIB1,1700,1271,246
ADE_25_00753,COIB1,4526,4481,383
ADE_25_00754,COIB1,1633,749,309
ADE_25_00755,COIB1,1156,1155,94
ADE_25_00756,COIB1,1982,1826,767
ADE_25_00757,COIB1,1431,1255,277
ADE_25_00758,COIB1,3013,2964,397
ADE_25_00759,COIB1,3724,1248,359
ADE_25_00760,COIB1,5726,5672,549
ADE_25_00761,COIB1,866,433,138
ADE_25_00762,COIB1,4787,4727,602
ADE_25_00763,COIB1,1845,1488,391
ADE_25_00764,COIB1,6433,6396,568
ADE_25_00765,COIB1,1605,1074,301
ADE_25_00766,COIB1,6470,6419,479
ADE_25_00767,COIB1,1464,961,281
ADE_25_00768,COIB1,3500,3399,646
ADE_25_00769,COIB1,2381,838,313
ADE_25_00770,COIB1,4452,4403,474
ADE_25_00771,COIB1,1540,783,229
ADE_25_00772,COIB1,448,445,79
ADE_25_00773,COIB1,4,4,4
ADE_25_01177,COIB1,10581,10568,391
ADE_25_01178,COIB1,11179,11163,408
ADE_25_01179,COIB1,10037,10023,368
ADE_25_01180,COIB1,2481,2470,316
ADE_25_01181,COIB1,1573,1554,244
ADE_25_01182,COIB1,2402,2397,362
ADE_25_01183,COIB1,1,1,1
ADE_25_01184,COIB1,5227,5215,298
ADE_25_01185,COIB1,8038,8027,465
ADE_25_01186,COIB1,8460,8455,440
ADE_25_01187,COIB1,2081,2073,270
ADE_25_01188,COIB1,2620,2608,351
ADE_25_01189,COIB1,3696,3688,514
ADE_25_01190,COIB1,4939,4924,292
ADE_25_01191,COIB1,11173,11166,395
ADE_25_01192,COIB1,7,7,7
ADE_25_01193,COIB1,4927,4913,440
ADE_25_01194,COIB1,5233,5220,399
ADE_25_01195,COIB1,4378,4347,637
ADE_25_01196,COIB1,1,1,1
ADE_25_01197,COIB1,2144,2100,473
ADE_25_01198,COIB1,1562,1525,403
ADE_25_01199,COIB1,1034,1016,281
ADE_25_01200,COIB1,6439,6420,662
ADE_25_01201,COIB1,4793,4768,572
ADE_25_01202,COIB1,8346,8314,807
ADE_25_01203,COIB1,1570,1465,257
ADE_25_01204,COIB1,1688,1576,284
ADE_25_01205,COIB1,1037,967,199
ADE_25_01206,COIB1,2532,2274,375
ADE_25_01207,COIB1,2854,2733,569
ADE_25_01208,COIB1,4216,4003,722
ADE_25_01209,COIB1,693,671,157
ADE_25_01210,COIB1,1538,1506,318
ADE_25_01211,COIB1,1189,1163,244
ADE_25_01212,COIB1,1872,1841,338
ADE_25_01213,COIB1,75,73,37
ADE_25_01214,COIB1,1686,1655,313
ADE_25_01215,COIB1,3528,3494,549
ADE_25_01216,COIB1,3232,3201,508
ADE_25_01217,COIB1,5196,5171,765
ADE_25_01218,COIB1,7,7,7
ADE_25_01219,COIB1,1,1,1
ADE_25_01220,COIB1,5396,5368,890
ADE_25_01221,COIB1,6490,6454,947
ADE_25_01222,COIB1,3039,3031,364
ADE_25_01223,COIB1,2943,2927,354
ADE_25_01224,COIB1,3267,3258,409
ADE_25_01225,COIB1,2507,2493,286
ADE_25_01226,COIB1,6575,6542,745
ADE_25_01227,COIB1,5444,5391,668
ADE_25_01228,COIB1,4835,4828,622
ADE_25_01229,COIB1,6838,6819,755
ADE_25_01230,COIB1,4582,4563,513
ADE_25_01231,COIB1,3014,2992,405
ADE_25_01232,COIB1,4002,3986,475
ADE_25_01233,COIB1,2391,2369,352
ADE_25_01234,COIB1,5863,5851,438
ADE_25_01235,COIB1,5262,5241,305
ADE_25_01236,COIB1,7251,7245,478
ADE_25_01237,COIB1,7204,7170,889
ADE_25_01238,COIB1,1968,1919,287
ADE_25_01239,COIB1,4720,4673,664
ADE_25_01240,COIB1,3428,3412,446
ADE_25_01241,COIB1,3086,3052,321
ADE_25_01242,COIB1,3705,3673,398
ADE_25_01243,COIB1,248,244,54
ADE_25_01244,COIB1,3979,3956,386
ADE_25_01245,COIB1,4035,3983,282
ADE_25_01246,COIB1,4037,4013,266
ADE_25_01247,COIB1,3619,3596,422
ADE_25_01248,COIB1,3355,3318,443
ADE_25_01249,COIB1,2,2,2
ADE_25_01250,COIB1,512,510,81
ADE_25_01251,COIB1,7790,7773,493
ADE_25_01252,COIB1,7590,7577,620
ADE_25_01253,COIB1,15577,15558,1192
ADE_25_01254,COIB1,7147,7126,850
ADE_25_01255,COIB1,4569,4559,545
ADE_25_01256,COIB1,2699,2660,474
ADE_25_01257,COIB1,3424,3371,613
ADE_25_01258,COIB1,2609,2570,376
ADE_25_01259,COIB1,5973,5952,435
ADE_25_01260,COIB1,6621,6607,661
ADE_25_01261,COIB1,8603,8587,792
ADE_25_01262,COIB1,5182,5174,677
ADE_25_01263,COIB1,6427,6411,777
ADE_25_01264,COIB1,5589,5582,748
ADE_25_01265,COIB1,6547,6526,453
ADE_25_01266,COIB1,7286,7277,497
ADE_25_01268,COIB1,5743,5729,576
ADE_25_01269,COIB1,3831,3821,436
ADE_25_01270,COIB1,2,2,2
ADE_25_01271,COIB1,4487,4481,351
ADE_25_01272,COIB1,4550,4541,254
ADE_25_01273,COIB1,4833,4797,442
ADE_25_01274,COIB1,4995,4974,565
ADE_25_01275,COIB1,5666,5634,691
ADE_25_01276,COIB1,1,1,1
ADE_25_01277,COIB1,2250,2237,323
ADE_25_01278,COIB1,3280,3275,565
ADE_25_01279,COIB1,2,2,2
ADE_25_01280,COIB1,3827,3822,434
ADE_25_01281,COIB1,4341,4324,567
ADE_25_01282,COIB1,3056,3046,443
ADE_25_01283,COIB1,7468,7461,349
ADE_25_01284,COIB1,5386,5384,182
ADE_25_01285,COIB1,5224,5212,306
ADE_25_01286,COIB1,5803,5787,612
ADE_25_01287,COIB1,4065,4056,580
ADE_25_01288,COIB1,4607,4591,577
ADE_25_01289,COIB1,2700,2699,311
ADE_25_01290,COIB1,4304,4294,407
ADE_25_01291,COIB1,13,13,13
ADE_25_01292,COIB1,6677,6627,907
ADE_25_01293,COIB1,7449,7387,836
ADE_25_01294,COIB1,3164,3129,544
ADE_25_01295,COIB1,7458,7394,830
ADE_25_01296,COIB1,4301,4195,326
ADE_25_01297,COIB1,3363,3281,312
ADE_25_01298,COIB1,4729,4708,360
ADE_25_01299,COIB1,4931,4904,335
ADE_25_01300,COIB1,2848,2821,319
ADE_25_01301,COIB1,3095,1822,540
ADE_25_01302,COIB1,3287,2827,606
ADE_25_01303,COIB1,2220,1102,322
ADE_25_01304,COIB1,1114,962,119
ADE_25_01305,COIB1,1650,1423,156
ADE_25_01306,COIB1,887,676,96
ADE_25_01307,COIB1,8,2,2
ADE_25_01308,COIB1,5641,5627,694
ADE_25_01309,COIB1,2213,2201,269
ADE_25_01310,COIB1,247,246,91
ADE_25_01311,COIB1,8801,8799,604
ADE_25_01312,COIB1,5701,5676,460
ADE_25_01313,COIB1,10015,10002,639
ADE_25_01314,COIB1,5519,5517,321
ADE_25_01315,COIB1,5184,5172,449
ADE_25_01316,COIB1,5881,5878,317
ADE_25_01317,COIB1,5509,5508,365
ADE_25_01318,COIB1,6870,6858,562
ADE_25_01319,COIB1,5797,5782,290
ADE_25_01320,COIB1,2,1,1
ADE_25_01321,COIB1,5465,5411,501
ADE_25_01322,COIB1,3638,3560,509
ADE_25_01323,COIB1,10272,10208,925
ADE_25_01324,COIB1,6240,6224,762
ADE_25_01325,COIB1,8450,8439,849
ADE_25_01326,COIB1,2158,2123,338
ADE_25_01327,COIB1,6997,6985,797
ADE_25_01328,COIB1,18525,18502,1213
ADE_25_01329,COIB1,8098,8083,1023
ADE_25_01330,COIB1,2652,2631,756
ADE_25_01331,COIB1,5,5,5
ADE_25_01332,COIB1,3686,3660,733
ADE_25_01333,COIB1,6,5,5
ADE_25_01334,COIB1,4701,4652,691
ADE_25_01335,COIB1,314,294,100
ADE_25_01336,COIB1,4703,4651,698
ADE_25_01337,COIB1,6886,6870,973
ADE_25_01338,COIB1,10212,10191,1139
ADE_25_01339,COIB1,10193,10167,1109
ADE_25_01340,COIB1,627,620,103
ADE_25_01341,COIB1,5976,5960,780
ADE_25_01342,COIB1,3547,3534,501
ADE_25_01343,COIB1,3472,3463,492
ADE_25_01344,COIB1,2669,2627,395
ADE_25_01345,COIB1,14007,13948,1148
ADE_25_01346,COIB1,3264,3233,532
ADE_25_01347,COIB1,3193,3192,424
ADE_25_01348,COIB1,3757,3750,476
ADE_25_01349,COIB1,3053,3047,406
ADE_25_01350,COIB1,7091,7081,848
ADE_25_01351,COIB1,4202,4185,552
ADE_25_01352,COIB1,5782,5767,776
ADE_25_01353,COIB1,4920,4913,677
ADE_25_01354,COIB1,3509,3499,458
ADE_25_01355,COIB1,3555,3541,538
ADE_25_01356,COIB1,10819,10813,1104
ADE_25_01357,COIB1,15493,15474,1278
ADE_25_01358,COIB1,11935,11926,1093
ADE_25_01359,COIB1,11,10,10
ADE_25_01360,COIB1,3620,3616,438
ADE_25_01361,COIB1,3701,3698,466
ADE_25_01362,COIB1,3327,3319,457
ADE_25_01363,COIB1,4881,4870,645
ADE_25_01364,COIB1,4008,3999,607
ADE_25_01365,COIB1,7105,7095,881
ADE_25_01366,COIB1,8007,7932,1151
ADE_25_01367,COIB1,6314,6239,1169
ADE_25_01368,COIB1,4191,4081,712
ADE_25_01369,COIB1,10354,10348,1006
ADE_25_01370,COIB1,4884,4876,622
ADE_25_01371,COIB1,5852,5848,748
ADE_25_01372,COIB1,9,5,5
ADE_25_01373,COIB1,3506,3499,515
ADE_25_01374,COIB1,1907,1903,263
ADE_25_01375,COIB1,4811,4801,649
ADE_25_01376,COIB1,17796,17758,1267
ADE_25_01377,COIB1,6394,6376,714
ADE_25_01378,COIB1,9878,9846,1131
ADE_25_01379,COIB1,773,767,90
ADE_25_01380,COIB1,2983,2968,465
ADE_25_01381,COIB1,3028,3018,351
ADE_25_01382,COIB1,2805,2785,309
ADE_25_01383,COIB1,5274,5174,792
ADE_25_01384,COIB1,3844,3796,699
ADE_25_01385,COIB1,5209,5021,730
ADE_25_01386,COIB1,246,246,45
ADE_25_01387,COIB1,3281,3274,456
ADE_25_01388,COIB1,3524,3508,414
ADE_25_01389,COIB1,5276,5266,694
ADE_25_01390,COIB1,11362,11245,1108
ADE_25_01391,COIB1,3095,2996,610
ADE_25_01392,COIB1,2631,2579,575
ADE_25_01393,COIB1,1154,1154,109
ADE_25_01394,COIB1,15635,3365,421
ADE_25_01395,COIB1,12071,3883,416
ADE_25_01396,COIB1,7062,6569,652
ADE_25_01397,COIB1,14254,14197,1043
ADE_25_01398,COIB1,5226,5184,536
ADE_25_01399,COIB1,15889,15783,1124
ADE_25_01400,COIB1,9,8,8
ADE_25_01401,COIB1,2,2,2
ADE_25_01402,COIB1,30,30,17
ADE_25_01403,COIB1,3,3,3
ADE_25_01404,COIB1,2,0,0
ADE_25_01640,COIB1,721,710,206
ADE_25_01641,COIB1,2,2,2
ADE_25_01642,COIB1,5,3,3
N_25_00090,COIB1,1,0,0
N_25_00091,COIB1,1,1,1
N_25_00092,COIB1,1,1,1
N_25_00093,COIB1,3,0,0
P_25_00072,COIB1,1130,1128,100
P_25_00073,COIB1,1749,1745,104
P_25_00074,COIB1,1594,1588,105
P_25_00075,COIB1,2,2,2
P_25_00076,COIB1,1135,1133,88
P_25_00077,COIB1,839,838,72
P_25_00078,COIB1,2031,2029,119
P_25_00079,COIB1,1939,1936,108
P_25_00080,COIB1,1644,1641,111
P_25_00081,COIB1,1802,1802,116
P_25_00082,COIB1,2626,2624,131
P_25_00083,COIB1,2017,2015,113
ADE_25_00688,MiFishU,2479,2479,160
ADE_25_00689,MiFishU,2962,2960,167
ADE_25_00690,MiFishU,2062,2057,77
ADE_25_00691,MiFishU,1,1,1
ADE_25_00692,MiFishU,2,0,0
ADE_25_00693,MiFishU,1240,1240,105
ADE_25_00694,MiFishU,496,493,27
ADE_25_00695,MiFishU,278,275,19
ADE_25_00696,MiFishU,2,2,2
ADE_25_00697,MiFishU,1942,1942,159
ADE_25_00698,MiFishU,4829,4829,131
ADE_25_00699,MiFishU,3504,3472,80
ADE_25_00700,MiFishU,490,488,91
ADE_25_00701,MiFishU,2001,1999,128
ADE_25_00702,MiFishU,3969,3968,201
ADE_25_00703,MiFishU,2293,2292,85
ADE_25_00704,MiFishU,2224,2222,166
ADE_25_00705,MiFishU,1601,1598,92
ADE_25_00706,MiFishU,1790,1788,151
ADE_25_00707,MiFishU,963,961,120
ADE_25_00708,MiFishU,3326,3324,157
ADE_25_00709,MiFishU,1729,1726,119
ADE_25_00710,MiFishU,1953,1951,103
ADE_25_00711,MiFishU,205,205,20
ADE_25_00712,MiFishU,755,751,73
ADE_25_00713,MiFishU,1918,1915,129
ADE_25_00714,MiFishU,8,3,3
ADE_25_00715,MiFishU,928,928,123
ADE_25_00716,MiFishU,2487,2486,143
ADE_25_00717,MiFishU,2753,2683,132
ADE_25_00718,MiFishU,3687,3687,176
ADE_25_00719,MiFishU,1,0,0
ADE_25_00720,MiFishU,2,0,0
ADE_25_00730,MiFishU,2810,2810,133
ADE_25_00731,MiFishU,266,263,66
ADE_25_00732,MiFishU,4062,4061,164
ADE_25_00733,MiFishU,1203,1203,134
ADE_25_00734,MiFishU,1273,1270,85
ADE_25_00735,MiFishU,1372,1366,123
ADE_25_00736,MiFishU,2094,2090,119
ADE_25_00737,MiFishU,2254,2249,108
ADE_25_00738,MiFishU,1975,1973,149
ADE_25_00739,MiFishU,326,320,60
ADE_25_00740,MiFishU,261,261,56
ADE_25_00741,MiFishU,3736,3733,146
ADE_25_00742,MiFishU,693,691,79
ADE_25_00743,MiFishU,1517,1514,129
ADE_25_00744,MiFishU,686,684,87
ADE_25_00745,MiFishU,3106,3102,168
ADE_25_00746,MiFishU,89,86,21
ADE_25_00747,MiFishU,2870,2868,162
ADE_25_00748,MiFishU,204,199,49
ADE_25_00749,MiFishU,2401,2397,197
ADE_25_00750,MiFishU,103,100,30
ADE_25_00751,MiFishU,982,982,73
ADE_25_00752,MiFishU,1376,1375,96
ADE_25_00753,MiFishU,1447,1444,88
ADE_25_00754,MiFishU,449,439,32
ADE_25_00755,MiFishU,1,0,0
ADE_25_00756,MiFishU,617,609,57
ADE_25_00757,MiFishU,2147,2141,110
ADE_25_00758,MiFishU,2768,2766,182
ADE_25_00759,MiFishU,584,582,97
ADE_25_00760,MiFishU,1207,1206,148
ADE_25_00761,MiFishU,13,8,8
ADE_25_00762,MiFishU,1581,1577,143
ADE_25_00763,MiFishU,493,489,86
ADE_25_00764,MiFishU,1793,1793,147
ADE_25_00765,MiFishU,4,2,2
ADE_25_00766,MiFishU,2891,2889,164
ADE_25_00767,MiFishU,1079,1071,59
ADE_25_00768,MiFishU,2318,2315,145
ADE_25_00769,MiFishU,29,21,19
ADE_25_00770,MiFishU,2944,2943,155
ADE_25_00771,MiFishU,672,669,65
ADE_25_00772,MiFishU,18,16,12
ADE_25_00773,MiFishU,108,108,37
ADE_25_01177,MiFishU,1339,1339,184
ADE_25_01178,MiFishU,1211,1201,145
ADE_25_01179,MiFishU,2047,2043,173
ADE_25_01180,MiFishU,1529,1528,151
ADE_25_01181,MiFishU,1421,1417,117
ADE_25_01182,MiFishU,1567,1558,97
ADE_25_01183,MiFishU,2,1,1
ADE_25_01184,MiFishU,973,970,109
ADE_25_01185,MiFishU,938,932,90
ADE_25_01186,MiFishU,3081,3070,203
ADE_25_01187,MiFishU,115,110,34
ADE_25_01188,MiFishU,2844,2839,139
ADE_25_01189,MiFishU,564,563,85
ADE_25_01190,MiFishU,1285,1281,122
ADE_25_01191,MiFishU,1389,1387,131
ADE_25_01192,MiFishU,1229,1221,119
ADE_25_01193,MiFishU,1578,1578,169
ADE_25_01194,MiFishU,1457,1456,111
ADE_25_01195,MiFishU,959,954,125
ADE_25_01196,MiFishU,2,2,2
ADE_25_01197,MiFishU,3039,3035,136
ADE_25_01198,MiFishU,1322,1317,83
ADE_25_01199,MiFishU,2570,2567,160
ADE_25_01200,MiFishU,4470,4468,249
ADE_25_01201,MiFishU,3658,3656,167
ADE_25_01202,MiFishU,3886,3882,219
ADE_25_01203,MiFishU,3907,3905,142
ADE_25_01204,MiFishU,4010,4007,123
ADE_25_01205,MiFishU,3290,3285,109
ADE_25_01206,MiFishU,1760,1754,127
ADE_25_01207,MiFishU,1568,1566,176
ADE_25_01208,MiFishU,1537,1533,143
ADE_25_01209,MiFishU,3329,3326,199
ADE_25_01210,MiFishU,4096,4095,259
ADE_25_01211,MiFishU,2805,2805,114
ADE_25_01212,MiFishU,7024,7022,218
ADE_25_01213,MiFishU,2523,2515,65
ADE_25_01214,MiFishU,3495,3493,174
ADE_25_01215,MiFishU,2253,2246,106
ADE_25_01216,MiFishU,5932,5891,119
ADE_25_01217,MiFishU,3356,3353,181
ADE_25_01218,MiFishU,0,0,0
ADE_25_01219,MiFishU,862,857,81
ADE_25_01220,MiFishU,2600,2598,153
ADE_25_01221,MiFishU,2720,2717,221
ADE_25_01222,MiFishU,1053,1048,106
ADE_25_01223,MiFishU,1093,1085,146
ADE_25_01224,MiFishU,2696,2694,176
ADE_25_01225,MiFishU,5,1,1
ADE_25_01226,MiFishU,2434,2423,171
ADE_25_01227,MiFishU,3479,3471,191
ADE_25_01228,MiFishU,752,747,90
ADE_25_01229,MiFishU,2051,2048,191
ADE_25_01230,MiFishU,355,351,61
ADE_25_01231,MiFishU,185,184,42
ADE_25_01232,MiFishU,711,706,110
ADE_25_01233,MiFishU,389,387,82
ADE_25_01234,MiFishU,3956,3955,211
ADE_25_01235,MiFishU,6404,6401,253
ADE_25_01236,MiFishU,5414,5411,177
ADE_25_01237,MiFishU,4435,4376,73
ADE_25_01238,MiFishU,4507,4483,189
ADE_25_01239,MiFishU,3081,3053,184
ADE_25_01240,MiFishU,3675,3673,219
ADE_25_01241,MiFishU,3737,3734,178
ADE_25_01242,MiFishU,2528,2524,93
ADE_25_01243,MiFishU,352,352,88
ADE_25_01244,MiFishU,3394,3393,186
ADE_25_01245,MiFishU,3011,3008,185
ADE_25_01246,MiFishU,4260,4257,207
ADE_25_01247,MiFishU,2017,2016,185
ADE_25_01248,MiFishU,854,849,100
ADE_25_01249,MiFishU,733,729,97
ADE_25_01250,MiFishU,1095,1088,133
ADE_25_01251,MiFishU,344,343,54
ADE_25_01252,MiFishU,1136,1132,119
ADE_25_01253,MiFishU,923,921,139
ADE_25_01254,MiFishU,3023,3019,211
ADE_25_01255,MiFishU,1410,1409,143
ADE_25_01256,MiFishU,1470,1466,148
ADE_25_01257,MiFishU,3036,3031,211
ADE_25_01258,MiFishU,2566,2563,190
ADE_25_01259,MiFishU,10,4,4
ADE_25_01260,MiFishU,772,767,116
ADE_25_01261,MiFishU,631,627,117
ADE_25_01262,MiFishU,908,904,134
ADE_25_01263,MiFishU,842,838,142
ADE_25_01264,MiFishU,7,2,2
ADE_25_01265,MiFishU,7,1,1
ADE_25_01266,MiFishU,1243,1239,134
ADE_25_01267,MiFishU,277,273,71
ADE_25_01268,MiFishU,104,100,29
ADE_25_01269,MiFishU,577,576,101
ADE_25_01270,MiFishU,267,261,54
ADE_25_01271,MiFishU,1279,1273,131
ADE_25_01272,MiFishU,431,425,83
ADE_25_01273,MiFishU,597,589,98
ADE_25_01274,MiFishU,1559,1552,141
ADE_25_01275,MiFishU,542,530,91
ADE_25_01276,MiFishU,885,878,97
ADE_25_01277,MiFishU,44,29,16
ADE_25_01278,MiFishU,504,498,87
ADE_25_01279,MiFishU,186,182,46
ADE_25_01280,MiFishU,391,389,71
ADE_25_01281,MiFishU,213,208,42
ADE_25_01282,MiFishU,857,848,104
ADE_25_01283,MiFishU,1111,1107,112
ADE_25_01284,MiFishU,52,49,18
ADE_25_01285,MiFishU,1843,1841,159
ADE_25_01286,MiFishU,1125,1123,94
ADE_25_01287,MiFishU,222,217,64
ADE_25_01288,MiFishU,378,373,80
ADE_25_01289,MiFishU,82,81,27
ADE_25_01290,MiFishU,1584,1582,178
ADE_25_01291,MiFishU,1942,1940,189
ADE_25_01292,MiFishU,752,747,94
ADE_25_01293,MiFishU,3176,3174,251
ADE_25_01294,MiFishU,4427,4427,248
ADE_25_01295,MiFishU,2713,2711,140
ADE_25_01296,MiFishU,3014,3012,169
ADE_25_01297,MiFishU,1835,1824,156
ADE_25_01298,MiFishU,2396,2395,199
ADE_25_01299,MiFishU,1886,1881,104
ADE_25_01300,MiFishU,5466,5466,187
ADE_25_01301,MiFishU,2026,2024,212
ADE_25_01302,MiFishU,1296,1296,158
ADE_25_01303,MiFishU,1642,1641,150
ADE_25_01304,MiFishU,990,983,85
ADE_25_01305,MiFishU,1724,1724,204
ADE_25_01306,MiFishU,490,482,62
ADE_25_01307,MiFishU,2,1,1
ADE_25_01308,MiFishU,951,950,134
ADE_25_01309,MiFishU,630,610,103
ADE_25_01310,MiFishU,7,1,1
ADE_25_01311,MiFishU,1295,1293,153
ADE_25_01312,MiFishU,1173,1169,135
ADE_25_01313,MiFishU,516,511,86
ADE_25_01314,MiFishU,320,314,62
ADE_25_01315,MiFishU,8,1,1
ADE_25_01316,MiFishU,598,593,103
ADE_25_01317,MiFishU,2391,2387,179
ADE_25_01318,MiFishU,1019,1017,124
ADE_25_01319,MiFishU,583,577,63
ADE_25_01320,MiFishU,2,0,0
ADE_25_01321,MiFishU,3915,3913,147
ADE_25_01322,MiFishU,4065,4063,134
ADE_25_01323,MiFishU,2733,2727,139
ADE_25_01324,MiFishU,1730,1724,104
ADE_25_01325,MiFishU,800,791,92
ADE_25_01326,MiFishU,3735,3731,237
ADE_25_01327,MiFishU,474,473,77
ADE_25_01328,MiFishU,265,263,18
ADE_25_01329,MiFishU,606,605,83
ADE_25_01330,MiFishU,520,513,83
ADE_25_01331,MiFishU,206,200,51
ADE_25_01332,MiFishU,104,96,29
ADE_25_01333,MiFishU,2,0,0
ADE_25_01334,MiFishU,2850,2849,191
ADE_25_01335,MiFishU,2659,2657,234
ADE_25_01336,MiFishU,1486,1480,137
ADE_25_01337,MiFishU,2598,2595,226
ADE_25_01338,MiFishU,598,592,72
ADE_25_01339,MiFishU,2249,2244,212
ADE_25_01340,MiFishU,5,5,5
ADE_25_01341,MiFishU,4182,4180,195
ADE_25_01342,MiFishU,2775,2774,246
ADE_25_01343,MiFishU,3848,3847,256
ADE_25_01344,MiFishU,1505,1501,135
ADE_25_01345,MiFishU,1596,1592,138
ADE_25_01346,MiFishU,185,179,52
ADE_25_01347,MiFishU,415,410,84
ADE_25_01348,MiFishU,389,382,74
ADE_25_01349,MiFishU,312,308,54
ADE_25_01350,MiFishU,788,779,88
ADE_25_01351,MiFishU,3,0,0
ADE_25_01352,MiFishU,94,87,27
ADE_25_01353,MiFishU,316,312,78
ADE_25_01354,MiFishU,264,257,55
ADE_25_01355,MiFishU,10,2,2
ADE_25_01356,MiFishU,4,0,0
ADE_25_01357,MiFishU,7,0,0
ADE_25_01358,MiFishU,3,0,0
ADE_25_01359,MiFishU,0,0,0
ADE_25_01360,MiFishU,547,538,91
ADE_25_01361,MiFishU,1217,1212,108
ADE_25_01362,MiFishU,1580,1578,155
ADE_25_01363,MiFishU,851,846,106
ADE_25_01364,MiFishU,1076,1074,102
ADE_25_01365,MiFishU,2,0,0
ADE_25_01366,MiFishU,1715,1705,108
ADE_25_01367,MiFishU,2063,2059,113
ADE_25_01368,MiFishU,449,442,72
ADE_25_01369,MiFishU,546,543,92
ADE_25_01370,MiFishU,120,116,41
ADE_25_01371,MiFishU,391,386,71
ADE_25_01372,MiFishU,0,0,0
ADE_25_01373,MiFishU,4872,4869,231
ADE_25_01374,MiFishU,1536,1531,107
ADE_25_01375,MiFishU,3293,3288,237
ADE_25_01376,MiFishU,413,409,70
ADE_25_01377,MiFishU,638,634,94
ADE_25_01378,MiFishU,2321,2318,175
ADE_25_01379,MiFishU,2,0,0
ADE_25_01380,MiFishU,2028,2027,154
ADE_25_01381,MiFishU,1459,1458,162
ADE_25_01382,MiFishU,3816,3814,183
ADE_25_01383,MiFishU,1609,1606,134
ADE_25_01384,MiFishU,1036,1032,129
ADE_25_01385,MiFishU,1348,1344,135
ADE_25_01386,MiFishU,3,0,0
ADE_25_01387,MiFishU,2538,2535,174
ADE_25_01388,MiFishU,2790,2787,191
ADE_25_01389,MiFishU,3696,3694,220
ADE_25_01390,MiFishU,4818,4817,241
ADE_25_01391,MiFishU,434,432,69
ADE_25_01392,MiFishU,1722,1714,131
ADE_25_01393,MiFishU,7,6,6
ADE_25_01394,MiFishU,2154,2152,95
ADE_25_01395,MiFishU,2353,2347,106
ADE_25_01396,MiFishU,5569,5569,173
ADE_25_01397,MiFishU,10,1,1
ADE_25_01398,MiFishU,5,0,0
ADE_25_01399,MiFishU,15,4,3
ADE_25_01400,MiFishU,3,1,1
ADE_25_01401,MiFishU,1,0,0
ADE_25_01402,MiFishU,1,1,1
ADE_25_01403,MiFishU,1,0,0
ADE_25_01404,MiFishU,2,1,1
ADE_25_01640,MiFishU,127,125,44
ADE_25_01641,MiFishU,1,1,1
ADE_25_01642,MiFishU,1,0,0
N_25_00090,MiFishU,3,2,2
N_25_00091,MiFishU,4,3,3
N_25_00092,MiFishU,3,0,0
N_25_00093,MiFishU,1,1,1
P_25_00072,MiFishU,812,812,111
P_25_00073,MiFishU,1622,1622,143
P_25_00074,MiFishU,1117,1117,127
P_25_00075,MiFishU,957,957,117
P_25_00076,MiFishU,1811,1811,148
P_25_00077,MiFishU,1020,1020,119
P_25_00078,MiFishU,1323,1323,138
P_25_00079,MiFishU,1904,1904,151
P_25_00080,MiFishU,1232,1232,130
P_25_00081,MiFishU,964,964,117
P_25_00082,MiFishU,1998,1998,148
P_25_00083,MiFishU,1099,1099,120
ADE_25_00688,18SV9,1,1,1
ADE_25_00689,18SV9,1,0,0
ADE_25_00691,18SV9,1,1,1
ADE_25_00694,18SV9,1,0,0
ADE_25_00695,18SV9,1,1,1
ADE_25_00698,18SV9,1,0,0
ADE_25_00701,18SV9,1,0,0
ADE_25_00702,18SV9,1,0,0
ADE_25_00704,18SV9,1,1,1
ADE_25_00707,18SV9,1,1,1
ADE_25_00714,18SV9,1,0,0
ADE_25_00733,18SV9,1,1,1
ADE_25_00737,18SV9,1,1,1
ADE_25_00742,18SV9,1,0,0
ADE_25_00744,18SV9,0,0,0
ADE_25_00749,18SV9,1,1,1
ADE_25_00752,18SV9,1,0,0
ADE_25_00762,18SV9,1,0,0
ADE_25_00765,18SV9,1,1,1
ADE_25_00771,18SV9,1,1,1
ADE_25_01177,18SV9,738,657,292
ADE_25_01178,18SV9,911,804,320
ADE_25_01179,18SV9,712,639,292
ADE_25_01180,18SV9,1053,754,425
ADE_25_01181,18SV9,821,711,382
ADE_25_01182,18SV9,974,810,448
ADE_25_01183,18SV9,287,259,53
ADE_25_01184,18SV9,835,659,417
ADE_25_01185,18SV9,1009,783,477
ADE_25_01186,18SV9,1182,907,542
ADE_25_01187,18SV9,846,713,351
ADE_25_01188,18SV9,836,720,361
ADE_25_01189,18SV9,831,735,388
ADE_25_01190,18SV9,928,725,426
ADE_25_01191,18SV9,1085,861,478
ADE_25_01192,18SV9,1200,926,495
ADE_25_01193,18SV9,553,467,255
ADE_25_01194,18SV9,302,246,134
ADE_25_01195,18SV9,756,567,317
ADE_25_01196,18SV9,284,238,44
ADE_25_01197,18SV9,875,721,462
ADE_25_01198,18SV9,1198,897,606
ADE_25_01199,18SV9,1250,762,543
ADE_25_01200,18SV9,1338,1020,622
ADE_25_01201,18SV9,1126,803,508
ADE_25_01202,18SV9,1199,874,564
ADE_25_01203,18SV9,1286,1063,476
ADE_25_01204,18SV9,1536,1294,550
ADE_25_01205,18SV9,1458,1242,502
ADE_25_01206,18SV9,1614,1081,807
ADE_25_01207,18SV9,1447,1037,787
ADE_25_01208,18SV9,1754,1104,883
ADE_25_01209,18SV9,1072,925,462
ADE_25_01210,18SV9,1093,946,511
ADE_25_01211,18SV9,1267,1105,601
ADE_25_01212,18SV9,1099,846,458
ADE_25_01213,18SV9,1367,921,517
ADE_25_01214,18SV9,1125,877,486
ADE_25_01215,18SV9,1026,738,432
ADE_25_01216,18SV9,1186,886,505
ADE_25_01217,18SV9,1105,867,501
ADE_25_01218,18SV9,112,63,32
ADE_25_01219,18SV9,1001,669,407
ADE_25_01220,18SV9,1086,674,456
ADE_25_01221,18SV9,942,606,399
ADE_25_01222,18SV9,859,667,374
ADE_25_01223,18SV9,903,719,371
ADE_25_01224,18SV9,1049,848,423
ADE_25_01225,18SV9,1330,952,686
ADE_25_01226,18SV9,1215,809,613
ADE_25_01227,18SV9,1152,808,628
ADE_25_01228,18SV9,1409,998,710
ADE_25_01229,18SV9,1221,828,607
ADE_25_01230,18SV9,1295,891,650
ADE_25_01231,18SV9,912,749,388
ADE_25_01232,18SV9,948,775,453
ADE_25_01233,18SV9,725,583,344
ADE_25_01234,18SV9,883,781,410
ADE_25_01235,18SV9,939,826,407
ADE_25_01236,18SV9,1010,834,491
ADE_25_01237,18SV9,1215,736,516
ADE_25_01238,18SV9,839,633,411
ADE_25_01239,18SV9,1350,816,567
ADE_25_01240,18SV9,1263,955,541
ADE_25_01241,18SV9,1145,923,516
ADE_25_01242,18SV9,1041,878,482
ADE_25_01243,18SV9,311,276,65
ADE_25_01244,18SV9,1363,905,536
ADE_25_01245,18SV9,1313,915,524
ADE_25_01246,18SV9,1321,874,550
ADE_25_01247,18SV9,1251,959,582
ADE_25_01248,18SV9,980,736,446
ADE_25_01249,18SV9,1081,627,359
ADE_25_01250,18SV9,1081,798,502
ADE_25_01251,18SV9,768,604,348
ADE_25_01252,18SV9,975,740,410
ADE_25_01253,18SV9,1157,802,454
ADE_25_01254,18SV9,1169,804,474
ADE_25_01255,18SV9,1152,786,496
ADE_25_01256,18SV9,1608,908,734
ADE_25_01257,18SV9,1507,969,772
ADE_25_01258,18SV9,1468,855,635
ADE_25_01259,18SV9,1206,896,530
ADE_25_01260,18SV9,879,614,349
ADE_25_01261,18SV9,976,741,430
ADE_25_01262,18SV9,882,604,327
ADE_25_01263,18SV9,797,577,320
ADE_25_01264,18SV9,718,414,272
ADE_25_01265,18SV9,854,674,367
ADE_25_01266,18SV9,945,788,460
ADE_25_01267,18SV9,772,578,360
ADE_25_01268,18SV9,930,703,447
ADE_25_01269,18SV9,1117,854,503
ADE_25_01270,18SV9,888,758,378
ADE_25_01271,18SV9,701,598,329
ADE_25_01272,18SV9,873,752,420
ADE_25_01273,18SV9,695,584,260
ADE_25_01274,18SV9,1394,996,758
ADE_25_01275,18SV9,1218,923,706
ADE_25_01276,18SV9,1602,1157,842
ADE_25_01277,18SV9,864,717,375
ADE_25_01278,18SV9,1016,830,420
ADE_25_01279,18SV9,836,691,337
ADE_25_01280,18SV9,936,683,394
ADE_25_01281,18SV9,856,631,346
ADE_25_01282,18SV9,929,717,373
ADE_25_01283,18SV9,995,770,401
ADE_25_01284,18SV9,828,726,355
ADE_25_01285,18SV9,847,716,377
ADE_25_01286,18SV9,1072,824,479
ADE_25_01287,18SV9,1234,1006,459
ADE_25_01288,18SV9,1131,859,472
ADE_25_01289,18SV9,989,835,478
ADE_25_01290,18SV9,895,761,417
ADE_25_01291,18SV9,853,755,362
ADE_25_01292,18SV9,1012,709,401
ADE_25_01293,18SV9,1140,664,403
ADE_25_01294,18SV9,1305,803,483
ADE_25_01295,18SV9,1273,963,585
ADE_25_01296,18SV9,1412,1006,582
ADE_25_01297,18SV9,1541,1144,629
ADE_25_01298,18SV9,852,773,375
ADE_25_01299,18SV9,968,894,378
ADE_25_01300,18SV9,804,702,322
ADE_25_01301,18SV9,1920,661,469
ADE_25_01302,18SV9,1591,519,464
ADE_25_01303,18SV9,1997,508,429
ADE_25_01304,18SV9,616,504,188
ADE_25_01305,18SV9,734,592,213
ADE_25_01306,18SV9,691,573,206
ADE_25_01307,18SV9,282,242,55
ADE_25_01308,18SV9,803,336,198
ADE_25_01309,18SV9,591,446,214
ADE_25_01310,18SV9,684,380,187
ADE_25_01311,18SV9,1028,719,345
ADE_25_01312,18SV9,944,653,296
ADE_25_01313,18SV9,908,664,314
ADE_25_01314,18SV9,922,409,277
ADE_25_01315,18SV9,857,136,116
ADE_25_01316,18SV9,726,504,253
ADE_25_01317,18SV9,915,337,184
ADE_25_01318,18SV9,581,332,170
ADE_25_01319,18SV9,1064,282,172
ADE_25_01320,18SV9,323,236,37
ADE_25_01321,18SV9,1628,439,334
ADE_25_01322,18SV9,2033,460,368
ADE_25_01323,18SV9,1889,627,484
ADE_25_01324,18SV9,1428,170,126
ADE_25_01325,18SV9,1502,177,141
ADE_25_01326,18SV9,2371,249,196
ADE_25_01327,18SV9,773,334,174
ADE_25_01328,18SV9,732,297,161
ADE_25_01329,18SV9,744,287,165
ADE_25_01330,18SV9,1620,436,342
ADE_25_01331,18SV9,1606,338,290
ADE_25_01332,18SV9,1521,330,287
ADE_25_01333,18SV9,347,248,48
ADE_25_01334,18SV9,1708,625,448
ADE_25_01335,18SV9,2054,795,512
ADE_25_01336,18SV9,1515,593,397
ADE_25_01337,18SV9,1094,275,189
ADE_25_01338,18SV9,1164,212,170
ADE_25_01339,18SV9,1340,242,205
ADE_25_01340,18SV9,411,292,60
ADE_25_01341,18SV9,1774,300,267
ADE_25_01342,18SV9,1916,421,335
ADE_25_01343,18SV9,1938,493,355
ADE_25_01344,18SV9,1985,150,143
ADE_25_01345,18SV9,2138,217,200
ADE_25_01346,18SV9,1616,203,167
ADE_25_01347,18SV9,751,188,133
ADE_25_01348,18SV9,828,236,152
ADE_25_01349,18SV9,844,267,171
ADE_25_01350,18SV9,1092,133,118
ADE_25_01351,18SV9,1039,167,139
ADE_25_01352,18SV9,846,213,149
ADE_25_01353,18SV9,931,200,153
ADE_25_01354,18SV9,829,186,136
ADE_25_01355,18SV9,826,90,82
ADE_25_01356,18SV9,961,189,143
ADE_25_01357,18SV9,1109,339,233
ADE_25_01358,18SV9,1086,214,163
ADE_25_01359,18SV9,225,188,39
ADE_25_01360,18SV9,1511,267,244
ADE_25_01361,18SV9,1616,264,236
ADE_25_01362,18SV9,1816,288,249
ADE_25_01363,18SV9,1314,302,225
ADE_25_01364,18SV9,1241,214,168
ADE_25_01365,18SV9,1581,145,135
ADE_25_01366,18SV9,1771,848,720
ADE_25_01367,18SV9,2104,697,620
ADE_25_01368,18SV9,2244,773,657
ADE_25_01369,18SV9,784,104,99
ADE_25_01370,18SV9,847,112,103
ADE_25_01371,18SV9,854,115,105
ADE_25_01372,18SV9,388,364,83
ADE_25_01373,18SV9,1872,425,303
ADE_25_01374,18SV9,1995,350,286
ADE_25_01375,18SV9,2111,360,310
ADE_25_01376,18SV9,1962,242,236
ADE_25_01377,18SV9,1723,147,140
ADE_25_01378,18SV9,1920,311,288
ADE_25_01379,18SV9,442,377,72
ADE_25_01380,18SV9,1941,483,353
ADE_25_01381,18SV9,1850,669,376
ADE_25_01382,18SV9,1854,484,332
ADE_25_01383,18SV9,1910,284,270
ADE_25_01384,18SV9,1722,249,241
ADE_25_01385,18SV9,1530,233,177
ADE_25_01386,18SV9,271,219,57
ADE_25_01387,18SV9,1975,560,385
ADE_25_01388,18SV9,1853,535,365
ADE_25_01389,18SV9,1695,498,334
ADE_25_01390,18SV9,1935,410,376
ADE_25_01391,18SV9,2144,370,347
ADE_25_01392,18SV9,1992,381,366
ADE_25_01393,18SV9,1092,1076,143
ADE_25_01394,18SV9,2628,378,350
ADE_25_01395,18SV9,2422,473,407
ADE_25_01396,18SV9,2327,385,349
ADE_25_01397,18SV9,1503,127,118
ADE_25_01398,18SV9,1410,85,79
ADE_25_01399,18SV9,1519,94,84
ADE_25_01400,18SV9,213,177,47
ADE_25_01401,18SV9,329,234,57
ADE_25_01402,18SV9,336,281,62
ADE_25_01403,18SV9,292,216,53
ADE_25_01404,18SV9,338,300,45
ADE_25_01640,18SV9,328,276,82
ADE_25_01641,18SV9,404,307,68
ADE_25_01642,18SV9,287,168,63
N_25_00090,18SV9,1,1,1
N_25_00091,18SV9,14,11,7
N_25_00092,18SV9,72,50,26
N_25_00093,18SV9,61,49,19
P_25_00073,18SV9,0,0,0
P_25_00074,18SV9,1,0,0
P_25_00075,18SV9,606,605,85
P_25_00076,18SV9,273,267,65
P_25_00077,18SV9,317,313,68
P_25_00078,18SV9,327,323,62
P_25_00079,18SV9,336,327,71
P_25_00080,18SV9,335,329,60
P_25_00081,18SV9,287,280,55
P_25_00082,18SV9,392,388,69
P_25_00083,18SV9,330,324,68
ADE_25_00700,rbcLverte,0,0,0
ADE_25_00704,rbcLverte,1,0,0
ADE_25_00717,rbcLverte,1,1,1
ADE_25_00735,rbcLverte,1,0,0
ADE_25_01177,rbcLverte,377,10,10
ADE_25_01178,rbcLverte,380,9,9
ADE_25_01179,rbcLverte,415,8,8
ADE_25_01180,rbcLverte,407,148,35
ADE_25_01181,rbcLverte,493,14,11
ADE_25_01182,rbcLverte,358,22,15
ADE_25_01183,rbcLverte,1,0,0
ADE_25_01184,rbcLverte,309,29,18
ADE_25_01185,rbcLverte,358,29,23
ADE_25_01186,rbcLverte,164,6,6
ADE_25_01187,rbcLverte,478,134,41
ADE_25_01188,rbcLverte,466,20,17
ADE_25_01189,rbcLverte,378,26,16
ADE_25_01190,rbcLverte,278,5,5
ADE_25_01191,rbcLverte,329,9,9
ADE_25_01192,rbcLverte,351,8,8
ADE_25_01193,rbcLverte,1216,1016,74
ADE_25_01194,rbcLverte,634,492,87
ADE_25_01195,rbcLverte,489,135,46
ADE_25_01196,rbcLverte,4,0,0
ADE_25_01197,rbcLverte,454,43,22
ADE_25_01198,rbcLverte,367,22,21
ADE_25_01199,rbcLverte,418,85,28
ADE_25_01200,rbcLverte,243,10,9
ADE_25_01201,rbcLverte,381,10,10
ADE_25_01202,rbcLverte,311,10,10
ADE_25_01203,rbcLverte,608,138,24
ADE_25_01204,rbcLverte,673,153,27
ADE_25_01205,rbcLverte,783,178,32
ADE_25_01206,rbcLverte,491,10,10
ADE_25_01207,rbcLverte,314,8,8
ADE_25_01208,rbcLverte,355,12,10
ADE_25_01209,rbcLverte,1351,1038,84
ADE_25_01210,rbcLverte,1083,860,77
ADE_25_01211,rbcLverte,1525,1251,84
ADE_25_01212,rbcLverte,595,99,43
ADE_25_01213,rbcLverte,744,261,60
ADE_25_01214,rbcLverte,521,142,50
ADE_25_01215,rbcLverte,441,6,6
ADE_25_01216,rbcLverte,500,9,9
ADE_25_01217,rbcLverte,372,10,10
ADE_25_01218,rbcLverte,0,0,0
ADE_25_01219,rbcLverte,388,5,5
ADE_25_01220,rbcLverte,285,8,8
ADE_25_01221,rbcLverte,352,8,8
ADE_25_01222,rbcLverte,300,11,9
ADE_25_01223,rbcLverte,448,8,8
ADE_25_01224,rbcLverte,380,7,7
ADE_25_01225,rbcLverte,53,4,4
ADE_25_01226,rbcLverte,249,7,5
ADE_25_01227,rbcLverte,20,0,0
ADE_25_01228,rbcLverte,199,11,10
ADE_25_01229,rbcLverte,282,12,11
ADE_25_01230,rbcLverte,136,1,1
ADE_25_01231,rbcLverte,530,235,48
ADE_25_01232,rbcLverte,301,108,32
ADE_25_01233,rbcLverte,503,143,41
ADE_25_01234,rbcLverte,273,6,6
ADE_25_01235,rbcLverte,402,7,7
ADE_25_01236,rbcLverte,396,19,17
ADE_25_01237,rbcLverte,508,68,44
ADE_25_01238,rbcLverte,384,31,22
ADE_25_01239,rbcLverte,537,33,28
ADE_25_01240,rbcLverte,392,29,26
ADE_25_01241,rbcLverte,455,22,21
ADE_25_01242,rbcLverte,339,14,14
ADE_25_01244,rbcLverte,279,28,22
ADE_25_01245,rbcLverte,309,26,23
ADE_25_01246,rbcLverte,253,19,17
ADE_25_01247,rbcLverte,231,19,19
ADE_25_01248,rbcLverte,262,12,12
ADE_25_01249,rbcLverte,236,9,9
ADE_25_01250,rbcLverte,217,17,13
ADE_25_01251,rbcLverte,131,8,8
ADE_25_01252,rbcLverte,202,18,16
ADE_25_01253,rbcLverte,274,12,12
ADE_25_01254,rbcLverte,230,19,18
ADE_25_01255,rbcLverte,240,18,17
ADE_25_01256,rbcLverte,334,10,9
ADE_25_01257,rbcLverte,357,12,12
ADE_25_01258,rbcLverte,205,4,4
ADE_25_01259,rbcLverte,87,4,4
ADE_25_01260,rbcLverte,126,7,7
ADE_25_01261,rbcLverte,149,3,3
ADE_25_01262,rbcLverte,153,4,4
ADE_25_01263,rbcLverte,162,8,7
ADE_25_01264,rbcLverte,89,2,2
ADE_25_01265,rbcLverte,168,3,3
ADE_25_01266,rbcLverte,148,3,3
ADE_25_01267,rbcLverte,191,2,2
ADE_25_01268,rbcLverte,177,5,5
ADE_25_01269,rbcLverte,154,2,2
ADE_25_01270,rbcLverte,285,6,6
ADE_25_01271,rbcLverte,140,2,2
ADE_25_01272,rbcLverte,243,2,2
ADE_25_01273,rbcLverte,122,2,2
ADE_25_01274,rbcLverte,324,87,30
ADE_25_01275,rbcLverte,301,37,21
ADE_25_01276,rbcLverte,276,6,5
ADE_25_01277,rbcLverte,278,3,3
ADE_25_01278,rbcLverte,222,7,7
ADE_25_01279,rbcLverte,245,2,2
ADE_25_01280,rbcLverte,82,4,4
ADE_25_01281,rbcLverte,164,6,6
ADE_25_01282,rbcLverte,190,5,5
ADE_25_01283,rbcLverte,87,1,1
ADE_25_01284,rbcLverte,236,2,2
ADE_25_01285,rbcLverte,113,3,3
ADE_25_01286,rbcLverte,171,9,8
ADE_25_01287,rbcLverte,150,0,0
ADE_25_01288,rbcLverte,155,6,6
ADE_25_01289,rbcLverte,146,71,35
ADE_25_01290,rbcLverte,243,38,23
ADE_25_01291,rbcLverte,178,25,17
ADE_25_01292,rbcLverte,234,14,14
ADE_25_01293,rbcLverte,270,10,10
ADE_25_01294,rbcLverte,193,9,9
ADE_25_01295,rbcLverte,300,21,18
ADE_25_01296,rbcLverte,435,28,25
ADE_25_01297,rbcLverte,363,10,10
ADE_25_01298,rbcLverte,285,8,8
ADE_25_01299,rbcLverte,575,15,14
ADE_25_01300,rbcLverte,394,14,14
ADE_25_01301,rbcLverte,155,7,7
ADE_25_01302,rbcLverte,191,12,12
ADE_25_01303,rbcLverte,179,8,8
ADE_25_01304,rbcLverte,310,12,11
ADE_25_01305,rbcLverte,304,10,10
ADE_25_01306,rbcLverte,393,11,9
ADE_25_01308,rbcLverte,205,22,19
ADE_25_01309,rbcLverte,277,18,12
ADE_25_01310,rbcLverte,227,10,10
ADE_25_01311,rbcLverte,213,3,3
ADE_25_01312,rbcLverte,223,4,4
ADE_25_01313,rbcLverte,181,6,6
ADE_25_01314,rbcLverte,42,0,0
ADE_25_01315,rbcLverte,22,0,0
ADE_25_01316,rbcLverte,92,1,1
ADE_25_01317,rbcLverte,126,4,4
ADE_25_01318,rbcLverte,100,3,3
ADE_25_01319,rbcLverte,172,8,8
ADE_25_01321,rbcLverte,302,31,18
ADE_25_01322,rbcLverte,425,159,41
ADE_25_01323,rbcLverte,284,100,23
ADE_25_01324,rbcLverte,100,3,3
ADE_25_01325,rbcLverte,154,4,4
ADE_25_01326,rbcLverte,153,5,5
ADE_25_01327,rbcLverte,67,1,1
ADE_25_01328,rbcLverte,57,0,0
ADE_25_01329,rbcLverte,52,0,0
ADE_25_01330,rbcLverte,113,10,10
ADE_25_01331,rbcLverte,185,47,23
ADE_25_01332,rbcLverte,137,9,9
ADE_25_01334,rbcLverte,168,17,14
ADE_25_01335,rbcLverte,159,12,8
ADE_25_01336,rbcLverte,201,12,11
ADE_25_01337,rbcLverte,63,8,7
ADE_25_01338,rbcLverte,68,22,14
ADE_25_01339,rbcLverte,103,26,13
ADE_25_01340,rbcLverte,2,1,1
ADE_25_01341,rbcLverte,276,48,32
ADE_25_01342,rbcLverte,215,27,22
ADE_25_01343,rbcLverte,105,8,8
ADE_25_01344,rbcLverte,180,3,3
ADE_25_01345,rbcLverte,180,4,4
ADE_25_01346,rbcLverte,269,9,9
ADE_25_01347,rbcLverte,146,8,7
ADE_25_01348,rbcLverte,156,5,5
ADE_25_01349,rbcLverte,146,16,11
ADE_25_01350,rbcLverte,73,0,0
ADE_25_01351,rbcLverte,101,2,2
ADE_25_01352,rbcLverte,74,4,4
ADE_25_01353,rbcLverte,90,4,4
ADE_25_01354,rbcLverte,154,4,4
ADE_25_01355,rbcLverte,158,6,6
ADE_25_01356,rbcLverte,47,1,1
ADE_25_01357,rbcLverte,67,2,2
ADE_25_01358,rbcLverte,56,0,0
ADE_25_01360,rbcLverte,145,13,13
ADE_25_01361,rbcLverte,159,9,9
ADE_25_01362,rbcLverte,133,10,10
ADE_25_01363,rbcLverte,117,19,12
ADE_25_01364,rbcLverte,165,15,14
ADE_25_01365,rbcLverte,65,3,3
ADE_25_01366,rbcLverte,920,619,69
ADE_25_01367,rbcLverte,970,705,73
ADE_25_01368,rbcLverte,757,438,67
ADE_25_01369,rbcLverte,87,0,0
ADE_25_01370,rbcLverte,122,4,4
ADE_25_01371,rbcLverte,103,3,3
ADE_25_01373,rbcLverte,228,8,8
ADE_25_01374,rbcLverte,233,8,8
ADE_25_01375,rbcLverte,200,11,11
ADE_25_01376,rbcLverte,130,10,10
ADE_25_01377,rbcLverte,161,11,11
ADE_25_01378,rbcLverte,100,5,5
ADE_25_01379,rbcLverte,1,0,0
ADE_25_01380,rbcLverte,122,13,10
ADE_25_01381,rbcLverte,100,8,8
ADE_25_01382,rbcLverte,174,7,7
ADE_25_01383,rbcLverte,202,11,11
ADE_25_01384,rbcLverte,140,8,7
ADE_25_01385,rbcLverte,200,7,7
ADE_25_01387,rbcLverte,210,12,10
ADE_25_01388,rbcLverte,176,15,13
ADE_25_01389,rbcLverte,229,15,11
ADE_25_01390,rbcLverte,167,16,16
ADE_25_01391,rbcLverte,189,9,9
ADE_25_01392,rbcLverte,203,9,8
ADE_25_01393,rbcLverte,2,0,0
ADE_25_01394,rbcLverte,269,16,16
ADE_25_01395,rbcLverte,348,19,17
ADE_25_01396,rbcLverte,260,31,21
ADE_25_01397,rbcLverte,196,15,14
ADE_25_01398,rbcLverte,261,16,14
ADE_25_01399,rbcLverte,280,15,13
ADE_25_01402,rbcLverte,1,0,0
ADE_25_01403,rbcLverte,0,0,0
ADE_25_01404,rbcLverte,1,0,0
ADE_25_01640,rbcLverte,4,0,0
ADE_25_01642,rbcLverte,1,0,0
P_25_00073,rbcLverte,1,1,1
P_25_00075,rbcLverte,9,1,1
P_25_00078,rbcLverte,2,0,0
P_25_00079,rbcLverte,0,0,0
P_25_00081,rbcLverte,0,0,0
P_25_00082,rbcLverte,1,0,0
P_25_00083,rbcLverte,1,0,0
ADE_25_00691,rbcLrouge,1,1,1
ADE_25_00749,rbcLrouge,1,1,1
ADE_25_00755,rbcLrouge,1,1,1
ADE_25_00758,rbcLrouge,1,1,1
ADE_25_00760,rbcLrouge,1,1,1
ADE_25_01177,rbcLrouge,108,12,8
ADE_25_01178,rbcLrouge,460,16,11
ADE_25_01179,rbcLrouge,27,2,2
ADE_25_01180,rbcLrouge,44,11,8
ADE_25_01181,rbcLrouge,206,92,41
ADE_25_01182,rbcLrouge,173,92,38
ADE_25_01183,rbcLrouge,0,0,0
ADE_25_01184,rbcLrouge,261,41,23
ADE_25_01185,rbcLrouge,221,29,18
ADE_25_01186,rbcLrouge,126,39,21
ADE_25_01187,rbcLrouge,244,185,60
ADE_25_01188,rbcLrouge,194,86,38
ADE_25_01189,rbcLrouge,250,148,57
ADE_25_01190,rbcLrouge,419,4,4
ADE_25_01191,rbcLrouge,606,10,10
ADE_25_01192,rbcLrouge,527,4,4
ADE_25_01193,rbcLrouge,411,175,30
ADE_25_01194,rbcLrouge,239,71,29
ADE_25_01195,rbcLrouge,356,38,23
ADE_25_01197,rbcLrouge,224,87,43
ADE_25_01198,rbcLrouge,192,79,42
ADE_25_01199,rbcLrouge,129,25,16
ADE_25_01200,rbcLrouge,217,34,18
ADE_25_01201,rbcLrouge,172,16,9
ADE_25_01202,rbcLrouge,214,43,16
ADE_25_01203,rbcLrouge,102,44,24
ADE_25_01204,rbcLrouge,591,211,57
ADE_25_01205,rbcLrouge,663,192,54
ADE_25_01206,rbcLrouge,245,51,27
ADE_25_01207,rbcLrouge,166,38,21
ADE_25_01208,rbcLrouge,167,33,17
ADE_25_01209,rbcLrouge,361,288,65
ADE_25_01210,rbcLrouge,249,183,62
ADE_25_01211,rbcLrouge,115,74,38
ADE_25_01212,rbcLrouge,257,66,38
ADE_25_01213,rbcLrouge,342,139,50
ADE_25_01214,rbcLrouge,258,128,55
ADE_25_01215,rbcLrouge,45,6,6
ADE_25_01216,rbcLrouge,161,40,21
ADE_25_01217,rbcLrouge,143,34,19
ADE_25_01219,rbcLrouge,148,8,7
ADE_25_01220,rbcLrouge,101,12,9
ADE_25_01221,rbcLrouge,157,30,16
ADE_25_01222,rbcLrouge,162,8,8
ADE_25_01223,rbcLrouge,312,8,8
ADE_25_01224,rbcLrouge,264,12,12
ADE_25_01225,rbcLrouge,14,1,1
ADE_25_01226,rbcLrouge,490,10,8
ADE_25_01227,rbcLrouge,494,13,13
ADE_25_01228,rbcLrouge,451,5,5
ADE_25_01229,rbcLrouge,534,9,7
ADE_25_01230,rbcLrouge,164,3,3
ADE_25_01231,rbcLrouge,426,186,47
ADE_25_01232,rbcLrouge,253,54,21
ADE_25_01233,rbcLrouge,324,36,19
ADE_25_01234,rbcLrouge,296,16,15
ADE_25_01235,rbcLrouge,373,32,20
ADE_25_01236,rbcLrouge,576,239,58
ADE_25_01237,rbcLrouge,599,210,33
ADE_25_01238,rbcLrouge,480,154,29
ADE_25_01239,rbcLrouge,498,107,27
ADE_25_01240,rbcLrouge,477,198,51
ADE_25_01241,rbcLrouge,611,297,65
ADE_25_01242,rbcLrouge,563,286,55
ADE_25_01244,rbcLrouge,57,7,7
ADE_25_01245,rbcLrouge,111,18,16
ADE_25_01246,rbcLrouge,73,4,4
ADE_25_01247,rbcLrouge,188,10,10
ADE_25_01248,rbcLrouge,203,7,7
ADE_25_01249,rbcLrouge,172,4,4
ADE_25_01250,rbcLrouge,70,3,3
ADE_25_01251,rbcLrouge,23,3,3
ADE_25_01252,rbcLrouge,71,4,4
ADE_25_01253,rbcLrouge,323,7,7
ADE_25_01254,rbcLrouge,483,62,31
ADE_25_01255,rbcLrouge,293,30,22
ADE_25_01256,rbcLrouge,201,13,11
ADE_25_01257,rbcLrouge,336,11,10
ADE_25_01258,rbcLrouge,80,6,6
ADE_25_01259,rbcLrouge,74,3,3
ADE_25_01260,rbcLrouge,23,2,2
ADE_25_01261,rbcLrouge,69,4,4
ADE_25_01262,rbcLrouge,52,3,3
ADE_25_01263,rbcLrouge,17,1,1
ADE_25_01264,rbcLrouge,16,0,0
ADE_25_01265,rbcLrouge,290,7,7
ADE_25_01266,rbcLrouge,284,14,12
ADE_25_01267,rbcLrouge,245,5,5
ADE_25_01268,rbcLrouge,2,0,0
ADE_25_01269,rbcLrouge,45,5,5
ADE_25_01270,rbcLrouge,55,7,7
ADE_25_01271,rbcLrouge,23,3,3
ADE_25_01272,rbcLrouge,276,22,13
ADE_25_01273,rbcLrouge,167,7,7
ADE_25_01274,rbcLrouge,302,12,10
ADE_25_01275,rbcLrouge,306,15,14
ADE_25_01276,rbcLrouge,333,8,8
ADE_25_01277,rbcLrouge,170,3,3
ADE_25_01278,rbcLrouge,281,6,6
ADE_25_01279,rbcLrouge,296,5,5
ADE_25_01280,rbcLrouge,14,0,0
ADE_25_01281,rbcLrouge,51,3,3
ADE_25_01282,rbcLrouge,120,5,5
ADE_25_01283,rbcLrouge,20,1,1
ADE_25_01284,rbcLrouge,193,8,8
ADE_25_01285,rbcLrouge,100,3,3
ADE_25_01286,rbcLrouge,155,5,5
ADE_25_01287,rbcLrouge,156,5,5
ADE_25_01288,rbcLrouge,42,6,6
ADE_25_01289,rbcLrouge,311,11,9
ADE_25_01290,rbcLrouge,175,16,13
ADE_25_01291,rbcLrouge,319,67,29
ADE_25_01292,rbcLrouge,274,9,9
ADE_25_01293,rbcLrouge,338,15,15
ADE_25_01294,rbcLrouge,106,8,8
ADE_25_01295,rbcLrouge,244,81,28
ADE_25_01296,rbcLrouge,155,48,19
ADE_25_01297,rbcLrouge,93,16,12
ADE_25_01298,rbcLrouge,740,461,51
ADE_25_01299,rbcLrouge,911,578,51
ADE_25_01300,rbcLrouge,245,147,32
ADE_25_01301,rbcLrouge,125,85,26
ADE_25_01302,rbcLrouge,129,85,24
ADE_25_01303,rbcLrouge,120,80,25
ADE_25_01304,rbcLrouge,323,92,28
ADE_25_01305,rbcLrouge,388,91,32
ADE_25_01306,rbcLrouge,326,71,22
ADE_25_01307,rbcLrouge,1,0,0
ADE_25_01308,rbcLrouge,50,7,7
ADE_25_01309,rbcLrouge,60,13,11
ADE_25_01310,rbcLrouge,56,15,13
ADE_25_01311,rbcLrouge,122,7,7
ADE_25_01312,rbcLrouge,83,3,3
ADE_25_01313,rbcLrouge,65,7,7
ADE_25_01314,rbcLrouge,18,1,1
ADE_25_01315,rbcLrouge,12,1,1
ADE_25_01316,rbcLrouge,17,2,2
ADE_25_01317,rbcLrouge,44,7,6
ADE_25_01318,rbcLrouge,34,5,5
ADE_25_01319,rbcLrouge,49,8,8
ADE_25_01321,rbcLrouge,145,35,21
ADE_25_01322,rbcLrouge,77,18,14
ADE_25_01323,rbcLrouge,65,15,13
ADE_25_01324,rbcLrouge,103,2,2
ADE_25_01325,rbcLrouge,118,3,3
ADE_25_01326,rbcLrouge,52,2,2
ADE_25_01327,rbcLrouge,21,1,1
ADE_25_01328,rbcLrouge,9,0,0
ADE_25_01329,rbcLrouge,7,0,0
ADE_25_01330,rbcLrouge,21,3,3
ADE_25_01331,rbcLrouge,21,1,1
ADE_25_01332,rbcLrouge,25,3,3
ADE_25_01333,rbcLrouge,1,0,0
ADE_25_01334,rbcLrouge,93,15,11
ADE_25_01335,rbcLrouge,4,0,0
ADE_25_01336,rbcLrouge,133,6,6
ADE_25_01337,rbcLrouge,14,4,4
ADE_25_01338,rbcLrouge,2,0,0
ADE_25_01339,rbcLrouge,25,5,4
ADE_25_01340,rbcLrouge,2,1,1
ADE_25_01341,rbcLrouge,35,6,6
ADE_25_01342,rbcLrouge,19,6,6
ADE_25_01343,rbcLrouge,27,4,4
ADE_25_01344,rbcLrouge,54,1,1
ADE_25_01345,rbcLrouge,56,1,1
ADE_25_01346,rbcLrouge,63,1,1
ADE_25_01347,rbcLrouge,18,1,1
ADE_25_01348,rbcLrouge,22,1,1
ADE_25_01349,rbcLrouge,17,1,1
ADE_25_01350,rbcLrouge,8,1,1
ADE_25_01351,rbcLrouge,7,0,0
ADE_25_01352,rbcLrouge,13,0,0
ADE_25_01353,rbcLrouge,6,0,0
ADE_25_01354,rbcLrouge,47,2,2
ADE_25_01355,rbcLrouge,70,2,2
ADE_25_01356,rbcLrouge,66,0,0
ADE_25_01357,rbcLrouge,16,0,0
ADE_25_01358,rbcLrouge,44,1,1
ADE_25_01359,rbcLrouge,1,0,0
ADE_25_01360,rbcLrouge,27,5,4
ADE_25_01361,rbcLrouge,30,5,5
ADE_25_01362,rbcLrouge,23,2,2
ADE_25_01363,rbcLrouge,23,2,2
ADE_25_01364,rbcLrouge,22,2,2
ADE_25_01365,rbcLrouge,19,3,3
ADE_25_01366,rbcLrouge,342,22,12
ADE_25_01367,rbcLrouge,305,11,8
ADE_25_01368,rbcLrouge,171,6,5
ADE_25_01369,rbcLrouge,65,1,1
ADE_25_01370,rbcLrouge,68,0,0
ADE_25_01371,rbcLrouge,17,2,2
ADE_25_01372,rbcLrouge,1,1,1
ADE_25_01373,rbcLrouge,76,6,5
ADE_25_01374,rbcLrouge,39,5,5
ADE_25_01375,rbcLrouge,39,5,5
ADE_25_01376,rbcLrouge,18,2,2
ADE_25_01377,rbcLrouge,0,0,0
ADE_25_01378,rbcLrouge,25,3,3
ADE_25_01379,rbcLrouge,1,0,0
ADE_25_01380,rbcLrouge,12,2,2
ADE_25_01381,rbcLrouge,23,8,6
ADE_25_01382,rbcLrouge,33,9,8
ADE_25_01383,rbcLrouge,39,2,2
ADE_25_01384,rbcLrouge,37,5,5
ADE_25_01385,rbcLrouge,46,3,3
ADE_25_01387,rbcLrouge,35,4,4
ADE_25_01388,rbcLrouge,30,6,6
ADE_25_01389,rbcLrouge,49,9,7
ADE_25_01390,rbcLrouge,32,3,3
ADE_25_01391,rbcLrouge,38,3,3
ADE_25_01392,rbcLrouge,63,4,4
ADE_25_01393,rbcLrouge,1,0,0
ADE_25_01394,rbcLrouge,105,5,5
ADE_25_01395,rbcLrouge,147,5,5
ADE_25_01396,rbcLrouge,115,10,9
ADE_25_01397,rbcLrouge,86,6,6
ADE_25_01398,rbcLrouge,147,7,7
ADE_25_01399,rbcLrouge,169,5,5
ADE_25_01400,rbcLrouge,0,0,0
ADE_25_01401,rbcLrouge,1,0,0
ADE_25_01402,rbcLrouge,1,0,0
ADE_25_01404,rbcLrouge,1,0,0
ADE_25_01640,rbcLrouge,1,0,0
ADE_25_01641,rbcLrouge,1,0,0
N_25_00092,rbcLrouge,1,0,0
P_25_00073,rbcLrouge,1,1,1
P_25_00075,rbcLrouge,0,0,0
P_25_00076,rbcLrouge,1,0,0
P_25_00078,rbcLrouge,3,0,0
P_25_00080,rbcLrouge,1,1,1
P_25_00082,rbcLrouge,0,0,0
P_25_00083,rbcLrouge,1,1,1
