ID_sample,Loci,Merge,Final,ESVlength
ADE_25_00688,12S160,1177060,1132007,1177057
ADE_25_00689,12S160,748325,693890,748303
ADE_25_00690,12S160,729702,689425,729702
ADE_25_00691,12S160,0,0,0
ADE_25_00692,12S160,0,0,0
ADE_25_00693,12S160,827205,801042,827113
ADE_25_00694,12S160,612442,544533,612442
ADE_25_00695,12S160,567410,506246,567410
ADE_25_00696,12S160,1395,1392,1392
ADE_25_00697,12S160,813694,735840,813488
ADE_25_00698,12S160,817233,629289,817233
ADE_25_00699,12S160,765962,627041,765962
ADE_25_00700,12S160,186,186,186
ADE_25_00701,12S160,457990,424108,457984
ADE_25_00702,12S160,1141316,993978,1141316
ADE_25_00703,12S160,408951,370503,408951
ADE_25_00704,12S160,1593883,1454966,1593868
ADE_25_00705,12S160,692373,635608,692373
ADE_25_00706,12S160,690650,624200,690650
ADE_25_00707,12S160,504790,465630,504769
ADE_25_00708,12S160,910936,836455,910811
ADE_25_00709,12S160,745734,681695,745467
ADE_25_00710,12S160,737440,665622,737438
ADE_25_00711,12S160,25842,24168,25842
ADE_25_00712,12S160,1434110,1416131,1434106
ADE_25_00713,12S160,648710,590709,648703
ADE_25_00714,12S160,3,3,3
ADE_25_00715,12S160,635810,572249,635803
ADE_25_00716,12S160,401416,381218,401401
ADE_25_00717,12S160,1655301,1568788,1655292
ADE_25_00718,12S160,994237,916787,994224
ADE_25_00720,12S160,40,17,17
ADE_25_00730,12S160,731818,601963,731814
ADE_25_00731,12S160,282469,262314,282428
ADE_25_00732,12S160,825809,729086,823974
ADE_25_00733,12S160,395432,382521,395422
ADE_25_00734,12S160,750599,692263,750597
ADE_25_00735,12S160,871132,766575,870799
ADE_25_00736,12S160,659554,620218,659537
ADE_25_00737,12S160,1524090,1367731,1523898
ADE_25_00738,12S160,510721,481285,510437
ADE_25_00739,12S160,374584,361201,367570
ADE_25_00740,12S160,804139,793372,804139
ADE_25_00741,12S160,1032172,869309,1032144
ADE_25_00742,12S160,320556,288640,320485
ADE_25_00743,12S160,820046,729836,820007
ADE_25_00744,12S160,925828,832689,925817
ADE_25_00745,12S160,1591837,1541621,1591837
ADE_25_00746,12S160,509161,466093,508091
ADE_25_00747,12S160,745018,639502,744990
ADE_25_00748,12S160,801706,727095,799142
ADE_25_00749,12S160,1044813,910997,1044731
ADE_25_00750,12S160,22923,21217,22466
ADE_25_00751,12S160,243843,213467,243741
ADE_25_00752,12S160,247744,236675,246828
ADE_25_00753,12S160,708830,658189,708784
ADE_25_00754,12S160,573960,497520,573184
ADE_25_00755,12S160,8349,8349,8349
ADE_25_00756,12S160,521056,505640,521042
ADE_25_00757,12S160,368809,330932,368790
ADE_25_00758,12S160,579885,506762,579037
ADE_25_00759,12S160,86432,83548,86344
ADE_25_00760,12S160,661509,643650,660991
ADE_25_00761,12S160,59391,34536,34761
ADE_25_00762,12S160,801615,773279,801170
ADE_25_00763,12S160,631610,573193,596640
ADE_25_00764,12S160,753214,696940,753214
ADE_25_00765,12S160,35272,34349,34649
ADE_25_00766,12S160,1230780,1118124,1230734
ADE_25_00767,12S160,758893,625891,757515
ADE_25_00768,12S160,763721,693712,763667
ADE_25_00769,12S160,1304909,1207407,1277133
ADE_25_00770,12S160,897956,827336,897899
ADE_25_00771,12S160,1056239,908852,1056231
ADE_25_00772,12S160,41818,39777,41818
ADE_25_00773,12S160,7,7,7
ADE_25_01177,12S160,267008,260313,265721
ADE_25_01178,12S160,1605793,1381526,1604109
ADE_25_01179,12S160,703224,615551,703120
ADE_25_01180,12S160,464754,431023,464754
ADE_25_01181,12S160,295232,278468,294954
ADE_25_01182,12S160,189445,185317,189261
ADE_25_01183,12S160,256,256,256
ADE_25_01184,12S160,743549,652205,732241
ADE_25_01185,12S160,799843,700570,774443
ADE_25_01186,12S160,1422415,1172433,1414163
ADE_25_01187,12S160,250091,235719,250070
ADE_25_01188,12S160,156650,154796,156566
ADE_25_01189,12S160,306623,302031,306320
ADE_25_01190,12S160,602501,553191,591979
ADE_25_01191,12S160,438823,393542,432009
ADE_25_01192,12S160,911159,871751,907567
ADE_25_01193,12S160,116305,114130,116263
ADE_25_01194,12S160,121042,116596,120618
ADE_25_01195,12S160,290117,280436,287591
ADE_25_01196,12S160,26,26,26
ADE_25_01197,12S160,721886,631856,721839
ADE_25_01198,12S160,866353,713857,866212
ADE_25_01199,12S160,1369057,1164974,1369014
ADE_25_01200,12S160,932101,883380,932078
ADE_25_01201,12S160,457007,427732,456837
ADE_25_01202,12S160,1041235,897826,1041091
ADE_25_01203,12S160,417475,357862,417472
ADE_25_01204,12S160,589171,487717,589171
ADE_25_01205,12S160,577936,508263,577936
ADE_25_01206,12S160,722006,695589,721703
ADE_25_01207,12S160,715533,619363,713622
ADE_25_01208,12S160,909935,844781,909800
ADE_25_01209,12S160,1337709,1116774,1337425
ADE_25_01210,12S160,1193581,956865,1193581
ADE_25_01211,12S160,1604299,1341235,1604299
ADE_25_01212,12S160,1005453,832435,1005453
ADE_25_01213,12S160,940741,828780,940739
ADE_25_01214,12S160,1222515,943317,1222515
ADE_25_01215,12S160,645985,559639,645791
ADE_25_01216,12S160,847159,724979,847144
ADE_25_01217,12S160,1112790,899290,1112514
ADE_25_01218,12S160,3,3,3
ADE_25_01219,12S160,679749,587344,679674
ADE_25_01220,12S160,652041,590246,652038
ADE_25_01221,12S160,684289,629696,684210
ADE_25_01222,12S160,535414,463568,535408
ADE_25_01223,12S160,287123,269269,285835
ADE_25_01224,12S160,201464,181699,200779
ADE_25_01225,12S160,2968,2959,2959
ADE_25_01226,12S160,722194,661581,721855
ADE_25_01227,12S160,727258,676247,727151
ADE_25_01228,12S160,686243,614418,686215
ADE_25_01229,12S160,177397,173402,177349
ADE_25_01230,12S160,219693,137399,219679
ADE_25_01231,12S160,570587,526217,570217
ADE_25_01232,12S160,580065,500521,578026
ADE_25_01233,12S160,507491,486895,506666
ADE_25_01234,12S160,974382,835146,974328
ADE_25_01235,12S160,1083244,931855,1083119
ADE_25_01236,12S160,1177818,1026443,1177610
ADE_25_01237,12S160,911634,822482,911009
ADE_25_01238,12S160,1057951,858660,1057439
ADE_25_01239,12S160,821629,709206,820984
ADE_25_01240,12S160,1058496,876801,1058358
ADE_25_01241,12S160,1437271,1223681,1437231
ADE_25_01242,12S160,1410203,1190824,1410194
ADE_25_01243,12S160,130,130,130
ADE_25_01244,12S160,1134388,952131,1134380
ADE_25_01245,12S160,1574578,1362958,1574578
ADE_25_01246,12S160,1821645,1583893,1821645
ADE_25_01247,12S160,1187017,1068601,1186766
ADE_25_01248,12S160,1380220,1202330,1380215
ADE_25_01249,12S160,757216,644744,757212
ADE_25_01250,12S160,691208,633133,691208
ADE_25_01251,12S160,896432,783752,896432
ADE_25_01252,12S160,740491,699086,740491
ADE_25_01253,12S160,522516,467886,522369
ADE_25_01254,12S160,1650050,1340223,1650006
ADE_25_01255,12S160,2071809,1680827,2071774
ADE_25_01256,12S160,503939,450053,503808
ADE_25_01257,12S160,626581,589318,626114
ADE_25_01258,12S160,518936,451147,518692
ADE_25_01259,12S160,841639,781830,841639
ADE_25_01260,12S160,383966,375711,383966
ADE_25_01261,12S160,184856,181317,183326
ADE_25_01262,12S160,1517758,1406205,1517758
ADE_25_01263,12S160,383091,371153,383091
ADE_25_01264,12S160,588642,558155,588642
ADE_25_01265,12S160,167039,162735,167039
ADE_25_01266,12S160,3434,3405,3405
ADE_25_01267,12S160,25021,24925,24925
ADE_25_01268,12S160,181835,175777,181817
ADE_25_01269,12S160,376022,373691,376022
ADE_25_01270,12S160,331611,318912,331586
ADE_25_01271,12S160,524135,510844,524135
ADE_25_01272,12S160,281033,265229,280796
ADE_25_01273,12S160,326208,318658,326208
ADE_25_01274,12S160,135762,134387,135445
ADE_25_01275,12S160,579069,563232,578610
ADE_25_01276,12S160,297460,281599,297367
ADE_25_01277,12S160,225407,217112,224894
ADE_25_01278,12S160,160247,159379,160244
ADE_25_01279,12S160,170428,169317,170118
ADE_25_01280,12S160,570560,553538,570560
ADE_25_01281,12S160,165056,163650,165053
ADE_25_01282,12S160,245664,240005,245650
ADE_25_01283,12S160,10610,10600,10600
ADE_25_01284,12S160,1301323,1246614,1301320
ADE_25_01285,12S160,1137250,984075,1137250
ADE_25_01286,12S160,1066390,1034462,1066390
ADE_25_01287,12S160,614056,562541,614056
ADE_25_01288,12S160,255810,253915,255810
ADE_25_01289,12S160,612466,314583,612466
ADE_25_01290,12S160,559887,548861,559887
ADE_25_01291,12S160,1250829,1196780,1250829
ADE_25_01292,12S160,577805,432576,577790
ADE_25_01293,12S160,1063984,923070,1063891
ADE_25_01294,12S160,1946026,1654443,1946026
ADE_25_01295,12S160,773004,633244,771527
ADE_25_01296,12S160,598580,549295,596922
ADE_25_01297,12S160,1052024,990108,1051836
ADE_25_01298,12S160,450942,415334,450654
ADE_25_01299,12S160,479827,430672,479596
ADE_25_01300,12S160,1056549,962123,1056540
ADE_25_01301,12S160,983114,955468,983048
ADE_25_01302,12S160,576087,568518,575913
ADE_25_01303,12S160,688698,670850,688682
ADE_25_01304,12S160,412820,401279,412820
ADE_25_01305,12S160,788652,723379,788618
ADE_25_01306,12S160,1126519,1007588,1126515
ADE_25_01307,12S160,0,0,0
ADE_25_01308,12S160,866793,789169,866789
ADE_25_01309,12S160,805592,735677,805331
ADE_25_01310,12S160,195096,194237,195091
ADE_25_01311,12S160,1059828,872611,1059786
ADE_25_01312,12S160,19780,15388,19655
ADE_25_01313,12S160,158708,154426,158708
ADE_25_01314,12S160,340639,324737,340639
ADE_25_01315,12S160,132713,130180,132637
ADE_25_01316,12S160,307516,296410,307512
ADE_25_01317,12S160,441880,428650,441870
ADE_25_01318,12S160,352047,341816,352047
ADE_25_01319,12S160,831005,537100,831005
ADE_25_01320,12S160,40,40,40
ADE_25_01321,12S160,1032435,851817,1032426
ADE_25_01322,12S160,990713,837548,990710
ADE_25_01323,12S160,1193374,967255,1193374
ADE_25_01324,12S160,295886,268489,295815
ADE_25_01325,12S160,405627,381998,405613
ADE_25_01326,12S160,344213,324526,344213
ADE_25_01327,12S160,291608,274455,291587
ADE_25_01328,12S160,373957,350381,373957
ADE_25_01329,12S160,883916,861318,883916
ADE_25_01330,12S160,741446,686214,741446
ADE_25_01331,12S160,544890,530929,544890
ADE_25_01332,12S160,1466014,1440162,1466014
ADE_25_01333,12S160,1,1,1
ADE_25_01334,12S160,418514,399232,418448
ADE_25_01335,12S160,726882,687657,726882
ADE_25_01336,12S160,694042,623840,694042
ADE_25_01337,12S160,189389,187043,189334
ADE_25_01338,12S160,1701718,1600760,1701718
ADE_25_01339,12S160,315759,305166,315752
ADE_25_01340,12S160,589,589,589
ADE_25_01341,12S160,497963,448245,497963
ADE_25_01342,12S160,782957,678505,782957
ADE_25_01343,12S160,1242250,1047052,1242250
ADE_25_01344,12S160,39903,36983,38889
ADE_25_01345,12S160,27935,27729,27919
ADE_25_01346,12S160,38180,36631,38053
ADE_25_01347,12S160,602188,573005,602176
ADE_25_01348,12S160,294387,287183,294387
ADE_25_01349,12S160,485012,481200,485012
ADE_25_01350,12S160,84319,77533,83845
ADE_25_01351,12S160,117981,114497,117974
ADE_25_01352,12S160,61021,59526,60989
ADE_25_01353,12S160,74393,73997,74389
ADE_25_01354,12S160,256462,245441,256460
ADE_25_01355,12S160,264288,262466,264288
ADE_25_01356,12S160,24624,24302,24410
ADE_25_01357,12S160,499,499,499
ADE_25_01358,12S160,8764,8470,8764
ADE_25_01359,12S160,4,0,0
ADE_25_01360,12S160,263021,230920,263012
ADE_25_01361,12S160,382841,374677,382841
ADE_25_01362,12S160,389421,347387,389396
ADE_25_01363,12S160,180678,164494,180676
ADE_25_01364,12S160,264308,253030,264277
ADE_25_01365,12S160,302673,284826,302660
ADE_25_01366,12S160,38416,36139,37585
ADE_25_01367,12S160,144616,133754,143746
ADE_25_01368,12S160,224590,196877,224314
ADE_25_01369,12S160,74668,73983,74668
ADE_25_01370,12S160,81827,80970,81732
ADE_25_01371,12S160,380389,368270,380386
ADE_25_01372,12S160,2,2,2
ADE_25_01373,12S160,588602,507439,588547
ADE_25_01374,12S160,437233,375744,437213
ADE_25_01375,12S160,342602,299568,342378
ADE_25_01376,12S160,259403,252906,259357
ADE_25_01377,12S160,86555,84799,85727
ADE_25_01378,12S160,511010,442528,507098
ADE_25_01379,12S160,0,0,0
ADE_25_01380,12S160,59613,57735,59613
ADE_25_01381,12S160,847061,768738,847011
ADE_25_01382,12S160,979252,898341,979247
ADE_25_01383,12S160,45626,43791,45116
ADE_25_01384,12S160,179194,162545,179117
ADE_25_01385,12S160,14232,14047,14182
ADE_25_01386,12S160,0,0,0
ADE_25_01387,12S160,220299,212375,220299
ADE_25_01388,12S160,114716,111756,114707
ADE_25_01389,12S160,335756,315708,335756
ADE_25_01390,12S160,134568,130424,134560
ADE_25_01391,12S160,81700,79987,81674
ADE_25_01392,12S160,192095,181514,192062
ADE_25_01393,12S160,10,10,10
ADE_25_01394,12S160,781898,655919,781898
ADE_25_01395,12S160,1175007,954184,1175007
ADE_25_01396,12S160,1151974,922045,1151974
ADE_25_01397,12S160,38164,37959,38100
ADE_25_01398,12S160,70007,63707,64047
ADE_25_01399,12S160,42145,40592,40735
ADE_25_01400,12S160,1,1,1
ADE_25_01401,12S160,672757,669604,672757
ADE_25_01402,12S160,1,1,1
ADE_25_01403,12S160,23,23,23
ADE_25_01404,12S160,0,0,0
ADE_25_01640,12S160,1468,1468,1468
ADE_25_01641,12S160,2,2,2
N_25_00090,12S160,1,1,1
N_25_00091,12S160,0,0,0
N_25_00092,12S160,1653,1653,1653
P_25_00072,12S160,1437211,1431996,1437211
P_25_00073,12S160,3271024,3249900,3271024
P_25_00074,12S160,2546364,2535677,2546364
P_25_00075,12S160,2872154,2857953,2872154
P_25_00076,12S160,2899313,2886585,2899313
P_25_00077,12S160,2878385,2861676,2878385
P_25_00078,12S160,3552966,3539658,3552966
P_25_00079,12S160,3070833,3055206,3070833
P_25_00080,12S160,3722933,3708904,3722933
P_25_00081,12S160,2938407,2927647,2938407
P_25_00082,12S160,3836092,3813378,3836092
P_25_00083,12S160,3346189,3336000,3346189
ADE_25_00688,COIB1,317615,272595,317178
ADE_25_00689,COIB1,638453,560624,637016
ADE_25_00690,COIB1,1052900,933545,1050406
ADE_25_00691,COIB1,2630901,2607571,2630848
ADE_25_00692,COIB1,715441,712000,715439
ADE_25_00693,COIB1,560038,470291,559309
ADE_25_00694,COIB1,1952087,1326384,1949117
ADE_25_00695,COIB1,2147290,1491607,2142251
ADE_25_00696,COIB1,43125,43124,43125
ADE_25_00697,COIB1,795511,578536,794094
ADE_25_00698,COIB1,366867,308374,365555
ADE_25_00699,COIB1,287956,253764,286735
ADE_25_00700,COIB1,3073085,2115879,3073080
ADE_25_00701,COIB1,306422,240854,305120
ADE_25_00702,COIB1,680991,574062,680600
ADE_25_00703,COIB1,254384,213518,254224
ADE_25_00704,COIB1,527706,442940,527049
ADE_25_00705,COIB1,793670,743151,793263
ADE_25_00706,COIB1,1121447,1026825,1121153
ADE_25_00707,COIB1,244448,220616,244179
ADE_25_00708,COIB1,1010864,823204,1010249
ADE_25_00709,COIB1,488740,432522,488247
ADE_25_00710,COIB1,899357,718696,898867
ADE_25_00711,COIB1,892799,886530,892786
ADE_25_00712,COIB1,413288,306057,412258
ADE_25_00713,COIB1,331019,283720,330605
ADE_25_00714,COIB1,1177893,1137027,1154920
ADE_25_00715,COIB1,113775,98678,112043
ADE_25_00716,COIB1,1474059,1063815,1473720
ADE_25_00717,COIB1,313775,245697,313136
ADE_25_00718,COIB1,531805,463320,531607
ADE_25_00719,COIB1,508,257,257
ADE_25_00720,COIB1,73976,73820,73877
ADE_25_00730,COIB1,491953,412576,491249
ADE_25_00731,COIB1,262484,177999,181594
ADE_25_00732,COIB1,526243,412717,525313
ADE_25_00733,COIB1,368440,319222,344263
ADE_25_00734,COIB1,457429,361875,456904
ADE_25_00735,COIB1,381042,333821,373983
ADE_25_00736,COIB1,437499,356566,436369
ADE_25_00737,COIB1,447644,364243,397435
ADE_25_00738,COIB1,318609,266939,312151
ADE_25_00739,COIB1,410786,350506,376546
ADE_25_00740,COIB1,2459,10,10
ADE_25_00741,COIB1,398317,301455,397880
ADE_25_00742,COIB1,349349,240413,255477
ADE_25_00743,COIB1,459904,333129,457658
ADE_25_00744,COIB1,188464,120692,126108
ADE_25_00745,COIB1,320921,242418,320412
ADE_25_00746,COIB1,569130,437329,452924
ADE_25_00747,COIB1,272585,202989,272127
ADE_25_00748,COIB1,632317,537928,583676
ADE_25_00749,COIB1,512174,389373,511688
ADE_25_00750,COIB1,429329,261084,273192
ADE_25_00751,COIB1,72819,63048,72541
ADE_25_00752,COIB1,579295,489763,537032
ADE_25_00753,COIB1,257647,192494,257252
ADE_25_00754,COIB1,547179,455051,466353
ADE_25_00755,COIB1,3482770,3462817,3482719
ADE_25_00756,COIB1,322734,303166,317586
ADE_25_00757,COIB1,264812,226189,250004
ADE_25_00758,COIB1,201695,156263,201341
ADE_25_00759,COIB1,376818,145111,169525
ADE_25_00760,COIB1,580780,476888,579731
ADE_25_00761,COIB1,305748,257188,264890
ADE_25_00762,COIB1,428981,356366,428227
ADE_25_00763,COIB1,580400,518658,548367
ADE_25_00764,COIB1,575435,462821,575059
ADE_25_00765,COIB1,943498,871487,892517
ADE_25_00766,COIB1,443865,338056,443449
ADE_25_00767,COIB1,565386,499331,519160
ADE_25_00768,COIB1,335597,285781,334579
ADE_25_00769,COIB1,666870,517548,530957
ADE_25_00770,COIB1,321884,255966,321528
ADE_25_00771,COIB1,492718,407108,422865
ADE_25_00772,COIB1,895337,890662,895260
ADE_25_00773,COIB1,5926,5926,5926
ADE_25_01177,COIB1,2398882,1879304,2398660
ADE_25_01178,COIB1,2270827,1758468,2270555
ADE_25_01179,COIB1,2123855,1650366,2123759
ADE_25_01180,COIB1,1257228,1187040,1257175
ADE_25_01181,COIB1,886523,844027,886396
ADE_25_01182,COIB1,1223534,1153656,1223491
ADE_25_01183,COIB1,1,1,1
ADE_25_01184,COIB1,1088161,895655,1088111
ADE_25_01185,COIB1,1567974,1251022,1567926
ADE_25_01186,COIB1,1581623,1243985,1581563
ADE_25_01187,COIB1,820508,754988,820468
ADE_25_01188,COIB1,747005,669363,746945
ADE_25_01189,COIB1,1234181,1129897,1234108
ADE_25_01190,COIB1,693256,569919,693101
ADE_25_01191,COIB1,1823189,1412778,1823163
ADE_25_01192,COIB1,269,269,269
ADE_25_01193,COIB1,1135245,997748,1134878
ADE_25_01194,COIB1,1123027,972321,1120572
ADE_25_01195,COIB1,479372,419712,478814
ADE_25_01196,COIB1,1,1,1
ADE_25_01197,COIB1,850330,809500,849456
ADE_25_01198,COIB1,666007,635031,665445
ADE_25_01199,COIB1,735781,714759,735475
ADE_25_01200,COIB1,1218438,1024292,1218139
ADE_25_01201,COIB1,747867,634555,747453
ADE_25_01202,COIB1,1257111,1044920,1256709
ADE_25_01203,COIB1,1221754,1174694,1219657
ADE_25_01204,COIB1,2014030,1966534,2011658
ADE_25_01205,COIB1,1124709,1091041,1123197
ADE_25_01206,COIB1,187719,142152,183134
ADE_25_01207,COIB1,385589,330233,381471
ADE_25_01208,COIB1,333968,274875,328211
ADE_25_01209,COIB1,477893,463083,477485
ADE_25_01210,COIB1,1125189,1090618,1124539
ADE_25_01211,COIB1,1550762,1517399,1550041
ADE_25_01212,COIB1,918757,877463,918287
ADE_25_01213,COIB1,60730,59579,60726
ADE_25_01214,COIB1,1073241,1029194,1072771
ADE_25_01215,COIB1,409859,350998,409418
ADE_25_01216,COIB1,407696,347718,407214
ADE_25_01217,COIB1,712058,611463,711731
ADE_25_01218,COIB1,5310,5310,5310
ADE_25_01219,COIB1,3,3,3
ADE_25_01220,COIB1,309123,264298,308567
ADE_25_01221,COIB1,330915,278966,330261
ADE_25_01222,COIB1,1361200,1285236,1361150
ADE_25_01223,COIB1,1282247,1209461,1282124
ADE_25_01224,COIB1,1287231,1206859,1287176
ADE_25_01225,COIB1,738577,685028,738323
ADE_25_01226,COIB1,705288,565704,704939
ADE_25_01227,COIB1,676644,554987,675464
ADE_25_01228,COIB1,645857,529986,645786
ADE_25_01229,COIB1,837945,666162,837778
ADE_25_01230,COIB1,758295,642771,758075
ADE_25_01231,COIB1,897051,844942,896856
ADE_25_01232,COIB1,1136015,1058848,1135754
ADE_25_01233,COIB1,801739,754031,801528
ADE_25_01234,COIB1,523203,374948,522985
ADE_25_01235,COIB1,386923,256018,386601
ADE_25_01236,COIB1,691109,492914,691049
ADE_25_01237,COIB1,607909,514166,607579
ADE_25_01238,COIB1,101965,81975,101329
ADE_25_01239,COIB1,331509,275504,331051
ADE_25_01240,COIB1,561538,485206,561311
ADE_25_01241,COIB1,375047,305805,374464
ADE_25_01242,COIB1,489781,396580,489427
ADE_25_01243,COIB1,762270,761333,762247
ADE_25_01244,COIB1,440433,346935,439874
ADE_25_01245,COIB1,443112,344625,441589
ADE_25_01246,COIB1,384307,291073,383620
ADE_25_01247,COIB1,605067,511254,604660
ADE_25_01248,COIB1,569429,490416,568795
ADE_25_01249,COIB1,5,5,5
ADE_25_01250,COIB1,14101,9862,14096
ADE_25_01251,COIB1,578624,399742,578450
ADE_25_01252,COIB1,721838,544954,721508
ADE_25_01253,COIB1,469540,345308,469247
ADE_25_01254,COIB1,831653,700872,831471
ADE_25_01255,COIB1,529127,445900,529042
ADE_25_01256,COIB1,622495,586936,621646
ADE_25_01257,COIB1,562341,520067,561464
ADE_25_01258,COIB1,476487,439682,475867
ADE_25_01259,COIB1,740059,620979,739200
ADE_25_01260,COIB1,689396,580080,689125
ADE_25_01261,COIB1,828699,683746,828206
ADE_25_01262,COIB1,971644,891584,971454
ADE_25_01263,COIB1,1075238,974489,1074820
ADE_25_01264,COIB1,812225,725480,812174
ADE_25_01265,COIB1,1163603,978821,1163418
ADE_25_01266,COIB1,1342581,1121735,1342488
ADE_25_01268,COIB1,1100665,988242,1100353
ADE_25_01269,COIB1,905150,830722,904922
ADE_25_01270,COIB1,18,18,18
ADE_25_01271,COIB1,1264967,1138306,1264942
ADE_25_01272,COIB1,690541,567254,690459
ADE_25_01273,COIB1,785502,629032,761729
ADE_25_01274,COIB1,560273,469492,560005
ADE_25_01275,COIB1,581500,475797,581235
ADE_25_01276,COIB1,1,1,1
ADE_25_01277,COIB1,985049,920309,984942
ADE_25_01278,COIB1,1236216,1157854,1236201
ADE_25_01279,COIB1,12,12,12
ADE_25_01280,COIB1,912121,834361,911922
ADE_25_01281,COIB1,970370,882502,969992
ADE_25_01282,COIB1,902859,837298,902636
ADE_25_01283,COIB1,1676698,1383298,1676571
ADE_25_01284,COIB1,862449,681941,862438
ADE_25_01285,COIB1,1516938,1332935,1516864
ADE_25_01286,COIB1,1135774,1034817,1135467
ADE_25_01287,COIB1,691983,631551,691891
ADE_25_01288,COIB1,1036076,957452,1035802
ADE_25_01289,COIB1,949494,841010,949490
ADE_25_01290,COIB1,838190,678468,837971
ADE_25_01291,COIB1,108,108,108
ADE_25_01292,COIB1,681559,527396,680126
ADE_25_01293,COIB1,641857,479020,639235
ADE_25_01294,COIB1,423985,341560,422839
ADE_25_01295,COIB1,495204,352036,494103
ADE_25_01296,COIB1,322674,176522,270156
ADE_25_01297,COIB1,212272,143829,210286
ADE_25_01298,COIB1,967987,786344,967670
ADE_25_01299,COIB1,688979,500740,688529
ADE_25_01300,COIB1,577826,490674,577331
ADE_25_01301,COIB1,842914,804970,835277
ADE_25_01302,COIB1,552268,503064,548114
ADE_25_01303,COIB1,437235,409562,429435
ADE_25_01304,COIB1,763741,720050,761530
ADE_25_01305,COIB1,1187033,1118097,1182184
ADE_25_01306,COIB1,689885,656437,686523
ADE_25_01307,COIB1,8193,91,91
ADE_25_01308,COIB1,955344,867942,955169
ADE_25_01309,COIB1,719171,668082,719108
ADE_25_01310,COIB1,51840,49650,51828
ADE_25_01311,COIB1,1120657,894157,1120648
ADE_25_01312,COIB1,632456,508289,632035
ADE_25_01313,COIB1,1290063,1017347,1289991
ADE_25_01314,COIB1,1923152,1650654,1923136
ADE_25_01315,COIB1,1950542,1685347,1950446
ADE_25_01316,COIB1,1837940,1569598,1837913
ADE_25_01317,COIB1,1177842,1017890,1177839
ADE_25_01318,COIB1,1377462,1200580,1377355
ADE_25_01319,COIB1,918694,760435,918574
ADE_25_01320,COIB1,1965,1955,1955
ADE_25_01321,COIB1,248580,183203,247199
ADE_25_01322,COIB1,297230,245392,295378
ADE_25_01323,COIB1,508864,403848,507473
ADE_25_01324,COIB1,537471,291025,537327
ADE_25_01325,COIB1,849766,752933,849678
ADE_25_01326,COIB1,191529,164003,190903
ADE_25_01327,COIB1,382331,321029,382030
ADE_25_01328,COIB1,658417,508083,657580
ADE_25_01329,COIB1,633868,547381,633538
ADE_25_01330,COIB1,295153,267689,294682
ADE_25_01331,COIB1,45,45,45
ADE_25_01332,COIB1,337835,296005,337289
ADE_25_01333,COIB1,44245,44120,44120
ADE_25_01334,COIB1,884643,808388,883235
ADE_25_01335,COIB1,187356,180840,187176
ADE_25_01336,COIB1,901534,817400,900468
ADE_25_01337,COIB1,1224178,1119666,1224031
ADE_25_01338,COIB1,1214059,1067876,1213692
ADE_25_01339,COIB1,792867,673533,792635
ADE_25_01340,COIB1,981454,972485,980830
ADE_25_01341,COIB1,463433,389767,463229
ADE_25_01342,COIB1,638331,557081,637991
ADE_25_01343,COIB1,642090,555759,641807
ADE_25_01344,COIB1,112377,86893,111106
ADE_25_01345,COIB1,462402,354172,460338
ADE_25_01346,COIB1,591958,560780,591222
ADE_25_01347,COIB1,1339374,1213178,1339336
ADE_25_01348,COIB1,1643451,1485656,1643409
ADE_25_01349,COIB1,1347063,1217228,1346980
ADE_25_01350,COIB1,1898834,1645920,1898571
ADE_25_01351,COIB1,1520128,1315888,1519851
ADE_25_01352,COIB1,1792557,1549779,1792306
ADE_25_01353,COIB1,951224,846458,950945
ADE_25_01354,COIB1,764051,676139,763589
ADE_25_01355,COIB1,746503,678187,745968
ADE_25_01356,COIB1,893067,742569,893008
ADE_25_01357,COIB1,1416184,1174344,1415922
ADE_25_01358,COIB1,935889,775388,935649
ADE_25_01359,COIB1,75520,75489,75489
ADE_25_01360,COIB1,878954,757983,878685
ADE_25_01361,COIB1,975589,846349,975415
ADE_25_01362,COIB1,809673,701113,809367
ADE_25_01363,COIB1,2330345,2059156,2330204
ADE_25_01364,COIB1,1646053,1457304,1646016
ADE_25_01365,COIB1,1888864,1654703,1888693
ADE_25_01366,COIB1,410278,311858,408687
ADE_25_01367,COIB1,297650,238853,296213
ADE_25_01368,COIB1,196255,145719,193794
ADE_25_01369,COIB1,924311,760445,923834
ADE_25_01370,COIB1,703713,614971,703186
ADE_25_01371,COIB1,1035323,911682,1035137
ADE_25_01372,COIB1,30345,30284,30284
ADE_25_01373,COIB1,502658,417750,502465
ADE_25_01374,COIB1,283868,232676,283650
ADE_25_01375,COIB1,798500,666717,798219
ADE_25_01376,COIB1,521922,372153,520582
ADE_25_01377,COIB1,421072,350153,420753
ADE_25_01378,COIB1,432426,345236,431398
ADE_25_01379,COIB1,1286927,1267293,1286832
ADE_25_01380,COIB1,659718,565472,659230
ADE_25_01381,COIB1,688664,581420,688408
ADE_25_01382,COIB1,577503,473960,576810
ADE_25_01383,COIB1,398196,339279,395130
ADE_25_01384,COIB1,512126,461414,510526
ADE_25_01385,COIB1,344156,281212,338839
ADE_25_01386,COIB1,765954,764947,765954
ADE_25_01387,COIB1,792263,676806,792102
ADE_25_01388,COIB1,916458,781184,916199
ADE_25_01389,COIB1,819622,678003,819433
ADE_25_01390,COIB1,562100,462976,558346
ADE_25_01391,COIB1,273423,225816,268170
ADE_25_01392,COIB1,390212,354179,388767
ADE_25_01393,COIB1,847442,812452,847442
ADE_25_01394,COIB1,225489,149745,198085
ADE_25_01395,COIB1,265149,190911,245791
ADE_25_01396,COIB1,691160,544855,687133
ADE_25_01397,COIB1,518146,409093,515863
ADE_25_01398,COIB1,416718,362710,415461
ADE_25_01399,COIB1,508740,374250,504306
ADE_25_01400,COIB1,34752,34741,34741
ADE_25_01401,COIB1,5012,5012,5012
ADE_25_01402,COIB1,152234,152127,152234
ADE_25_01403,COIB1,2252,2252,2252
ADE_25_01404,COIB1,61,0,0
ADE_25_01640,COIB1,1331086,1318264,1327358
ADE_25_01641,COIB1,1698,1698,1698
ADE_25_01642,COIB1,6388,6271,6271
N_25_00090,COIB1,54,0,0
N_25_00091,COIB1,1,1,1
N_25_00092,COIB1,1,1,1
N_25_00093,COIB1,152,0,0
P_25_00072,COIB1,1290921,1283698,1290865
P_25_00073,COIB1,3769347,3746708,3769336
P_25_00074,COIB1,1775237,1763509,1774260
P_25_00075,COIB1,2320,2320,2320
P_25_00076,COIB1,2510312,2501469,2510302
P_25_00077,COIB1,1467626,1462231,1467618
P_25_00078,COIB1,4157397,4123749,4157384
P_25_00079,COIB1,4247876,4223176,4247870
P_25_00080,COIB1,4661562,4637639,4661545
P_25_00081,COIB1,3621867,3589480,3621867
P_25_00082,COIB1,5926760,5888061,5926743
P_25_00083,COIB1,3764690,3740307,3764644
ADE_25_00688,MiFishU,1298997,1127525,1298997
ADE_25_00689,MiFishU,698832,538872,698558
ADE_25_00690,MiFishU,427565,330368,427505
ADE_25_00691,MiFishU,1,1,1
ADE_25_00692,MiFishU,1119,0,0
ADE_25_00693,MiFishU,1209169,1088113,1209169
ADE_25_00694,MiFishU,159846,129475,159803
ADE_25_00695,MiFishU,95707,84294,95654
ADE_25_00696,MiFishU,9030,9030,9030
ADE_25_00697,MiFishU,918511,786184,918511
ADE_25_00698,MiFishU,1107937,890885,1107937
ADE_25_00699,MiFishU,420872,267643,418612
ADE_25_00700,MiFishU,385916,382813,385908
ADE_25_00701,MiFishU,740330,631094,738803
ADE_25_00702,MiFishU,1089701,901280,1089688
ADE_25_00703,MiFishU,455892,345665,455886
ADE_25_00704,MiFishU,1604892,1448059,1604874
ADE_25_00705,MiFishU,633834,555456,633574
ADE_25_00706,MiFishU,788492,725054,784993
ADE_25_00707,MiFishU,479109,449349,479057
ADE_25_00708,MiFishU,1211465,1040001,1211455
ADE_25_00709,MiFishU,748214,658689,748006
ADE_25_00710,MiFishU,563945,493143,563911
ADE_25_00711,MiFishU,24438,19815,24438
ADE_25_00712,MiFishU,508182,429713,507361
ADE_25_00713,MiFishU,648305,577923,648060
ADE_25_00714,MiFishU,5516,3293,3293
ADE_25_00715,MiFishU,490513,431021,490513
ADE_25_00716,MiFishU,745868,638147,745864
ADE_25_00717,MiFishU,1837630,1651819,1814400
ADE_25_00718,MiFishU,896934,724827,896934
ADE_25_00719,MiFishU,1175,0,0
ADE_25_00720,MiFishU,1294,0,0
ADE_25_00730,MiFishU,715971,539873,715971
ADE_25_00731,MiFishU,208622,196941,208535
ADE_25_00732,MiFishU,922907,699592,922900
ADE_25_00733,MiFishU,817489,738161,817489
ADE_25_00734,MiFishU,367169,305560,367161
ADE_25_00735,MiFishU,665179,601630,664688
ADE_25_00736,MiFishU,677307,554090,677287
ADE_25_00737,MiFishU,726485,541756,726416
ADE_25_00738,MiFishU,768260,630633,768254
ADE_25_00739,MiFishU,247893,227484,247249
ADE_25_00740,MiFishU,295089,294171,295089
ADE_25_00741,MiFishU,1041810,748576,1037880
ADE_25_00742,MiFishU,1185975,1128986,1185880
ADE_25_00743,MiFishU,915649,784014,915605
ADE_25_00744,MiFishU,479813,458060,479752
ADE_25_00745,MiFishU,1669917,1494406,1669813
ADE_25_00746,MiFishU,125954,120889,125800
ADE_25_00747,MiFishU,869601,609739,869596
ADE_25_00748,MiFishU,215663,211479,215618
ADE_25_00749,MiFishU,1204398,962540,1204042
ADE_25_00750,MiFishU,12125,10705,12104
ADE_25_00751,MiFishU,211987,158785,211987
ADE_25_00752,MiFishU,519242,378285,519220
ADE_25_00753,MiFishU,517726,375813,474120
ADE_25_00754,MiFishU,185917,157426,174800
ADE_25_00755,MiFishU,201,0,0
ADE_25_00756,MiFishU,481378,380941,465326
ADE_25_00757,MiFishU,526601,375602,526515
ADE_25_00758,MiFishU,911306,633480,911160
ADE_25_00759,MiFishU,920823,898954,920387
ADE_25_00760,MiFishU,1214691,1155911,1214688
ADE_25_00761,MiFishU,371,300,300
ADE_25_00762,MiFishU,704311,631249,704258
ADE_25_00763,MiFishU,365758,351593,365747
ADE_25_00764,MiFishU,812539,718609,812539
ADE_25_00765,MiFishU,160,145,145
ADE_25_00766,MiFishU,1414681,1193844,1414673
ADE_25_00767,MiFishU,376053,297856,372688
ADE_25_00768,MiFishU,989649,804312,989415
ADE_25_00769,MiFishU,49509,46592,46595
ADE_25_00770,MiFishU,1346661,1100756,1346381
ADE_25_00771,MiFishU,471443,437187,471199
ADE_25_00772,MiFishU,28997,28955,28961
ADE_25_00773,MiFishU,148328,145775,148328
ADE_25_01177,MiFishU,1001968,951207,1001968
ADE_25_01178,MiFishU,1822709,1785549,1822383
ADE_25_01179,MiFishU,1340942,1100717,1340931
ADE_25_01180,MiFishU,734362,664246,734356
ADE_25_01181,MiFishU,771510,724044,770755
ADE_25_01182,MiFishU,440822,322832,436998
ADE_25_01183,MiFishU,163,50,50
ADE_25_01184,MiFishU,418283,345705,418269
ADE_25_01185,MiFishU,469165,387841,469102
ADE_25_01186,MiFishU,1274542,874908,1271648
ADE_25_01187,MiFishU,148507,145465,147652
ADE_25_01188,MiFishU,616492,434922,616428
ADE_25_01189,MiFishU,846952,816431,846947
ADE_25_01190,MiFishU,811799,727572,811490
ADE_25_01191,MiFishU,738815,621728,738800
ADE_25_01192,MiFishU,898170,802833,898103
ADE_25_01193,MiFishU,1703870,1670765,1703870
ADE_25_01194,MiFishU,1824961,1795216,1824959
ADE_25_01195,MiFishU,850904,826545,850876
ADE_25_01196,MiFishU,710,710,710
ADE_25_01197,MiFishU,812604,612249,811080
ADE_25_01198,MiFishU,445048,337785,444806
ADE_25_01199,MiFishU,1110936,891285,1110909
ADE_25_01200,MiFishU,1197188,849863,1197178
ADE_25_01201,MiFishU,1251921,769449,1251912
ADE_25_01202,MiFishU,1655529,1128210,1655507
ADE_25_01203,MiFishU,923874,688189,923860
ADE_25_01204,MiFishU,1147931,872957,1147887
ADE_25_01205,MiFishU,825354,594540,825278
ADE_25_01206,MiFishU,735640,637829,735583
ADE_25_01207,MiFishU,971199,859397,971184
ADE_25_01208,MiFishU,833545,744168,833475
ADE_25_01209,MiFishU,1288105,966298,1288079
ADE_25_01210,MiFishU,1434013,1021934,1433985
ADE_25_01211,MiFishU,526833,372372,526833
ADE_25_01212,MiFishU,1285229,800950,1284515
ADE_25_01213,MiFishU,295521,151000,295400
ADE_25_01214,MiFishU,1306273,982491,1306046
ADE_25_01215,MiFishU,474326,315134,474175
ADE_25_01216,MiFishU,776409,332929,768313
ADE_25_01217,MiFishU,885555,641171,885432
ADE_25_01218,MiFishU,0,0,0
ADE_25_01219,MiFishU,315605,255071,315520
ADE_25_01220,MiFishU,1124084,899373,1124074
ADE_25_01221,MiFishU,1571327,1284368,1571108
ADE_25_01222,MiFishU,468565,429253,468052
ADE_25_01223,MiFishU,580560,536157,580292
ADE_25_01224,MiFishU,1182236,976041,1182228
ADE_25_01225,MiFishU,89,2,2
ADE_25_01226,MiFishU,928236,745748,919817
ADE_25_01227,MiFishU,1098185,794892,1097272
ADE_25_01228,MiFishU,950299,941119,950262
ADE_25_01229,MiFishU,1329712,1168374,1329690
ADE_25_01230,MiFishU,360515,66284,360490
ADE_25_01231,MiFishU,104686,96298,104681
ADE_25_01232,MiFishU,468592,446624,468556
ADE_25_01233,MiFishU,408793,402042,408731
ADE_25_01234,MiFishU,1391862,1024001,1391857
ADE_25_01235,MiFishU,1598994,1076483,1598967
ADE_25_01236,MiFishU,1011290,695283,1010890
ADE_25_01237,MiFishU,398337,167947,379863
ADE_25_01238,MiFishU,1026571,680611,1022600
ADE_25_01239,MiFishU,934608,653251,912191
ADE_25_01240,MiFishU,1985975,1415570,1985958
ADE_25_01241,MiFishU,1425511,940002,1425495
ADE_25_01242,MiFishU,677113,443242,676779
ADE_25_01243,MiFishU,255839,248142,255839
ADE_25_01244,MiFishU,1061036,810531,1061033
ADE_25_01245,MiFishU,1122850,940922,1122835
ADE_25_01246,MiFishU,1050984,794196,1050967
ADE_25_01247,MiFishU,1346912,1021666,1346882
ADE_25_01248,MiFishU,1947865,1932176,1947818
ADE_25_01249,MiFishU,480104,431695,480038
ADE_25_01250,MiFishU,1015363,940159,1015305
ADE_25_01251,MiFishU,306670,284652,306655
ADE_25_01252,MiFishU,868554,781993,868516
ADE_25_01253,MiFishU,1199664,1163167,1199652
ADE_25_01254,MiFishU,1812980,1436044,1812961
ADE_25_01255,MiFishU,1309191,1178840,1309185
ADE_25_01256,MiFishU,554878,465421,554857
ADE_25_01257,MiFishU,1040843,838093,1040724
ADE_25_01258,MiFishU,1072929,807296,1072888
ADE_25_01259,MiFishU,3056,2646,2646
ADE_25_01260,MiFishU,1040230,965517,1040101
ADE_25_01261,MiFishU,782818,766160,782726
ADE_25_01262,MiFishU,1044431,1000342,1044366
ADE_25_01263,MiFishU,889530,867238,889055
ADE_25_01264,MiFishU,239,177,177
ADE_25_01265,MiFishU,165,9,9
ADE_25_01266,MiFishU,1509203,1339388,1508521
ADE_25_01267,MiFishU,320091,296521,320055
ADE_25_01268,MiFishU,165711,159295,165335
ADE_25_01269,MiFishU,712316,704785,712294
ADE_25_01270,MiFishU,377294,370981,376226
ADE_25_01271,MiFishU,2046629,2019599,2046361
ADE_25_01272,MiFishU,848657,835180,845313
ADE_25_01273,MiFishU,784892,774030,784798
ADE_25_01274,MiFishU,1088008,836520,1087902
ADE_25_01275,MiFishU,654814,645618,650161
ADE_25_01276,MiFishU,553673,495588,550867
ADE_25_01277,MiFishU,106979,46436,46500
ADE_25_01278,MiFishU,694440,685505,693000
ADE_25_01279,MiFishU,125281,123021,125149
ADE_25_01280,MiFishU,745087,720278,745021
ADE_25_01281,MiFishU,161351,152549,160896
ADE_25_01282,MiFishU,1304176,1258433,1272612
ADE_25_01283,MiFishU,600961,458414,600886
ADE_25_01284,MiFishU,69035,68913,69013
ADE_25_01285,MiFishU,1540666,1153820,1540638
ADE_25_01286,MiFishU,2186142,2097764,2186113
ADE_25_01287,MiFishU,276511,274454,275224
ADE_25_01288,MiFishU,443063,431097,434353
ADE_25_01289,MiFishU,814713,811164,814708
ADE_25_01290,MiFishU,1720831,1562437,1720818
ADE_25_01291,MiFishU,2592911,2297869,2592904
ADE_25_01292,MiFishU,1355128,1340706,1355041
ADE_25_01293,MiFishU,1673502,1329232,1673439
ADE_25_01294,MiFishU,2609508,1838593,2609508
ADE_25_01295,MiFishU,1357190,1044190,1357170
ADE_25_01296,MiFishU,1259442,832341,1259411
ADE_25_01297,MiFishU,1693582,1413469,1692932
ADE_25_01298,MiFishU,1546694,1344893,1546689
ADE_25_01299,MiFishU,584768,480182,584728
ADE_25_01300,MiFishU,1168124,836221,1168124
ADE_25_01301,MiFishU,1461551,1286300,1461479
ADE_25_01302,MiFishU,1204072,1141246,1204072
ADE_25_01303,MiFishU,1178987,1052877,1178154
ADE_25_01304,MiFishU,584216,517973,584084
ADE_25_01305,MiFishU,1310471,1240830,1310471
ADE_25_01306,MiFishU,482499,402170,482452
ADE_25_01307,MiFishU,44,30,30
ADE_25_01308,MiFishU,804988,766480,804978
ADE_25_01309,MiFishU,457586,408657,429844
ADE_25_01310,MiFishU,330,187,187
ADE_25_01311,MiFishU,959069,910051,959048
ADE_25_01312,MiFishU,797371,726509,797287
ADE_25_01313,MiFishU,453475,449341,453380
ADE_25_01314,MiFishU,312788,305642,312731
ADE_25_01315,MiFishU,204,1,1
ADE_25_01316,MiFishU,455753,432088,455687
ADE_25_01317,MiFishU,920227,687119,920211
ADE_25_01318,MiFishU,854516,767006,854370
ADE_25_01319,MiFishU,300794,203959,300632
ADE_25_01320,MiFishU,158,0,0
ADE_25_01321,MiFishU,824510,570792,818654
ADE_25_01322,MiFishU,663303,419189,663283
ADE_25_01323,MiFishU,641395,424376,641231
ADE_25_01324,MiFishU,581058,415607,580872
ADE_25_01325,MiFishU,849561,716417,849129
ADE_25_01326,MiFishU,2512398,1917061,2512385
ADE_25_01327,MiFishU,418250,399665,418248
ADE_25_01328,MiFishU,320659,279623,319488
ADE_25_01329,MiFishU,620604,576392,620600
ADE_25_01330,MiFishU,305895,254856,305854
ADE_25_01331,MiFishU,310146,308483,309756
ADE_25_01332,MiFishU,100519,99940,100427
ADE_25_01333,MiFishU,126,0,0
ADE_25_01334,MiFishU,1442371,1160183,1442367
ADE_25_01335,MiFishU,1551383,1281678,1551195
ADE_25_01336,MiFishU,1231480,886312,1231386
ADE_25_01337,MiFishU,2011418,1587557,2011385
ADE_25_01338,MiFishU,429582,422755,429512
ADE_25_01339,MiFishU,1389140,1049159,1389071
ADE_25_01340,MiFishU,108,108,108
ADE_25_01341,MiFishU,999274,667011,999248
ADE_25_01342,MiFishU,1236705,989021,1236701
ADE_25_01343,MiFishU,1855611,1366623,1855607
ADE_25_01344,MiFishU,1261392,1048884,1261361
ADE_25_01345,MiFishU,1039794,779084,1039740
ADE_25_01346,MiFishU,178621,176705,178418
ADE_25_01347,MiFishU,505391,485866,505222
ADE_25_01348,MiFishU,489298,485332,488439
ADE_25_01349,MiFishU,358333,353615,358224
ADE_25_01350,MiFishU,706792,675721,701020
ADE_25_01351,MiFishU,1167,0,0
ADE_25_01352,MiFishU,92756,91019,92558
ADE_25_01353,MiFishU,399929,389860,399717
ADE_25_01354,MiFishU,309807,286828,291283
ADE_25_01355,MiFishU,3203,1552,1552
ADE_25_01356,MiFishU,128,0,0
ADE_25_01357,MiFishU,260,0,0
ADE_25_01358,MiFishU,98,0,0
ADE_25_01359,MiFishU,0,0,0
ADE_25_01360,MiFishU,328407,290205,327709
ADE_25_01361,MiFishU,643959,456923,643894
ADE_25_01362,MiFishU,985496,823794,985478
ADE_25_01363,MiFishU,1453627,1436097,1453557
ADE_25_01364,MiFishU,1601808,1569245,1601798
ADE_25_01365,MiFishU,48,0,0
ADE_25_01366,MiFishU,579072,457766,578745
ADE_25_01367,MiFishU,834832,694964,834794
ADE_25_01368,MiFishU,249273,228172,249119
ADE_25_01369,MiFishU,769447,766733,769419
ADE_25_01370,MiFishU,150353,149561,150278
ADE_25_01371,MiFishU,437805,432305,437508
ADE_25_01372,MiFishU,0,0,0
ADE_25_01373,MiFishU,1383243,910096,1382028
ADE_25_01374,MiFishU,546472,424308,546409
ADE_25_01375,MiFishU,1410357,969151,1410329
ADE_25_01376,MiFishU,468927,465764,468830
ADE_25_01377,MiFishU,417163,355033,416929
ADE_25_01378,MiFishU,2112994,1744227,2112985
ADE_25_01379,MiFishU,105,0,0
ADE_25_01380,MiFishU,1474883,1083371,1474852
ADE_25_01381,MiFishU,1315590,1072853,1315587
ADE_25_01382,MiFishU,1369540,968598,1369528
ADE_25_01383,MiFishU,793391,657080,793363
ADE_25_01384,MiFishU,822349,738134,822320
ADE_25_01385,MiFishU,1340425,1050912,1340398
ADE_25_01386,MiFishU,449,0,0
ADE_25_01387,MiFishU,1103653,820497,1103447
ADE_25_01388,MiFishU,1318766,1026393,1318740
ADE_25_01389,MiFishU,1973894,1547331,1973753
ADE_25_01390,MiFishU,1661419,1158819,1661415
ADE_25_01391,MiFishU,560177,551099,560060
ADE_25_01392,MiFishU,1077825,847682,1077484
ADE_25_01393,MiFishU,20611,20406,20406
ADE_25_01394,MiFishU,566009,386741,565989
ADE_25_01395,MiFishU,470247,325090,470171
ADE_25_01396,MiFishU,1174968,750660,1174968
ADE_25_01397,MiFishU,558,8,8
ADE_25_01398,MiFishU,186,0,0
ADE_25_01399,MiFishU,2177,985,1032
ADE_25_01400,MiFishU,93,62,62
ADE_25_01401,MiFishU,12,0,0
ADE_25_01402,MiFishU,187,187,187
ADE_25_01403,MiFishU,3178,0,0
ADE_25_01404,MiFishU,336,4,4
ADE_25_01640,MiFishU,179595,177402,177806
ADE_25_01641,MiFishU,1,1,1
ADE_25_01642,MiFishU,11,0,0
N_25_00090,MiFishU,127,117,117
N_25_00091,MiFishU,4599,4478,4478
N_25_00092,MiFishU,278,0,0
N_25_00093,MiFishU,57,57,57
P_25_00072,MiFishU,2065305,2058967,2065305
P_25_00073,MiFishU,3457717,3434563,3457717
P_25_00074,MiFishU,3092275,3074653,3092275
P_25_00075,MiFishU,2689989,2680034,2689989
P_25_00076,MiFishU,3902022,3873572,3902022
P_25_00077,MiFishU,2881218,2868949,2881218
P_25_00078,MiFishU,3736038,3716431,3736038
P_25_00079,MiFishU,4100415,4069501,4100415
P_25_00080,MiFishU,4757993,4738947,4757993
P_25_00081,MiFishU,2250176,2241239,2250176
P_25_00082,MiFishU,4704445,4671715,4704445
P_25_00083,MiFishU,5316326,5297997,5316326
ADE_25_00688,18SV9,1,1,1
ADE_25_00689,18SV9,1,0,0
ADE_25_00691,18SV9,2,2,2
ADE_25_00694,18SV9,1,0,0
ADE_25_00695,18SV9,1,1,1
ADE_25_00698,18SV9,1,0,0
ADE_25_00701,18SV9,1,0,0
ADE_25_00702,18SV9,1,0,0
ADE_25_00704,18SV9,1,1,1
ADE_25_00707,18SV9,1,1,1
ADE_25_00714,18SV9,1,0,0
ADE_25_00733,18SV9,1,1,1
ADE_25_00737,18SV9,1,1,1
ADE_25_00742,18SV9,1,0,0
ADE_25_00744,18SV9,0,0,0
ADE_25_00749,18SV9,1,1,1
ADE_25_00752,18SV9,1,0,0
ADE_25_00762,18SV9,1,0,0
ADE_25_00765,18SV9,1,1,1
ADE_25_00771,18SV9,1,1,1
ADE_25_01177,18SV9,816330,762112,803320
ADE_25_01178,18SV9,962326,869593,938494
ADE_25_01179,18SV9,667156,622579,656332
ADE_25_01180,18SV9,835886,669142,706469
ADE_25_01181,18SV9,966756,896333,932745
ADE_25_01182,18SV9,709760,606697,632371
ADE_25_01183,18SV9,555058,499342,521773
ADE_25_01184,18SV9,680867,520577,539400
ADE_25_01185,18SV9,629753,444805,467247
ADE_25_01186,18SV9,762717,532896,565645
ADE_25_01187,18SV9,928496,767512,804621
ADE_25_01188,18SV9,888334,778095,804237
ADE_25_01189,18SV9,916301,835059,860603
ADE_25_01190,18SV9,562300,488447,510703
ADE_25_01191,18SV9,566649,464522,496142
ADE_25_01192,18SV9,594865,472971,510215
ADE_25_01193,18SV9,1106084,1044034,1082036
ADE_25_01194,18SV9,2447542,2419878,2438991
ADE_25_01195,18SV9,926928,752406,785564
ADE_25_01196,18SV9,515535,410017,432634
ADE_25_01197,18SV9,1247321,1183446,1208607
ADE_25_01198,18SV9,529208,438022,456025
ADE_25_01199,18SV9,498824,384463,399487
ADE_25_01200,18SV9,645415,492673,523711
ADE_25_01201,18SV9,435849,321851,338204
ADE_25_01202,18SV9,510334,365840,387465
ADE_25_01203,18SV9,730291,472626,528736
ADE_25_01204,18SV9,804759,456486,521369
ADE_25_01205,18SV9,803481,529798,611479
ADE_25_01206,18SV9,891537,574773,606270
ADE_25_01207,18SV9,774611,559152,589750
ADE_25_01208,18SV9,979255,603636,635677
ADE_25_01209,18SV9,1242919,1140232,1216239
ADE_25_01210,18SV9,1635969,1514049,1606970
ADE_25_01211,18SV9,1819772,1693837,1798207
ADE_25_01212,18SV9,721870,598421,635973
ADE_25_01213,18SV9,813803,646165,681322
ADE_25_01214,18SV9,711193,610941,647039
ADE_25_01215,18SV9,593430,375099,397453
ADE_25_01216,18SV9,691909,450278,480860
ADE_25_01217,18SV9,626726,450629,479892
ADE_25_01218,18SV9,528190,228349,232868
ADE_25_01219,18SV9,489767,301904,317990
ADE_25_01220,18SV9,539435,259141,270542
ADE_25_01221,18SV9,716900,505920,521105
ADE_25_01222,18SV9,992061,807784,836541
ADE_25_01223,18SV9,914244,746571,773839
ADE_25_01224,18SV9,766211,551247,578725
ADE_25_01225,18SV9,578027,272149,292991
ADE_25_01226,18SV9,473621,219145,228856
ADE_25_01227,18SV9,466385,256744,269384
ADE_25_01228,18SV9,567469,309407,329152
ADE_25_01229,18SV9,446034,193077,202624
ADE_25_01230,18SV9,552318,338485,354982
ADE_25_01231,18SV9,971780,798087,830547
ADE_25_01232,18SV9,1082103,914532,955881
ADE_25_01233,18SV9,1078533,917250,946624
ADE_25_01234,18SV9,1405130,1318573,1383364
ADE_25_01235,18SV9,800560,687282,745302
ADE_25_01236,18SV9,598662,424597,450273
ADE_25_01237,18SV9,621189,293891,306994
ADE_25_01238,18SV9,1349727,1258947,1278025
ADE_25_01239,18SV9,672502,329905,349766
ADE_25_01240,18SV9,579904,402553,438005
ADE_25_01241,18SV9,491813,394590,427551
ADE_25_01242,18SV9,501094,424613,457675
ADE_25_01243,18SV9,484131,386065,413108
ADE_25_01244,18SV9,1186774,946596,1003041
ADE_25_01245,18SV9,1323414,1110474,1184211
ADE_25_01246,18SV9,1436678,1199084,1252617
ADE_25_01247,18SV9,1323833,1194903,1264768
ADE_25_01248,18SV9,1060557,955610,1008467
ADE_25_01249,18SV9,790217,533037,564780
ADE_25_01250,18SV9,1778195,1540055,1605859
ADE_25_01251,18SV9,1221523,1065457,1121944
ADE_25_01252,18SV9,1412515,1217124,1301044
ADE_25_01253,18SV9,885511,544740,597231
ADE_25_01254,18SV9,869537,592540,638966
ADE_25_01255,18SV9,791355,523986,557049
ADE_25_01256,18SV9,684485,318754,330672
ADE_25_01257,18SV9,674092,408352,424545
ADE_25_01258,18SV9,743420,464912,482151
ADE_25_01259,18SV9,1558422,1016026,1083688
ADE_25_01260,18SV9,1254507,884947,929302
ADE_25_01261,18SV9,1484121,1139940,1198345
ADE_25_01262,18SV9,1147592,663419,708399
ADE_25_01263,18SV9,1572196,1205972,1249889
ADE_25_01264,18SV9,885811,390449,403289
ADE_25_01265,18SV9,789734,684570,720339
ADE_25_01266,18SV9,656314,569537,609990
ADE_25_01267,18SV9,388793,291783,308482
ADE_25_01268,18SV9,1646139,1236938,1269205
ADE_25_01269,18SV9,1644146,1201304,1272542
ADE_25_01270,18SV9,1387723,1204825,1269169
ADE_25_01271,18SV9,1198886,1133512,1173367
ADE_25_01272,18SV9,608661,535888,574861
ADE_25_01273,18SV9,862789,788434,833350
ADE_25_01274,18SV9,637123,350168,367082
ADE_25_01275,18SV9,485540,300245,314042
ADE_25_01276,18SV9,725691,459403,484797
ADE_25_01277,18SV9,1484236,1255687,1334526
ADE_25_01278,18SV9,1177914,794629,858367
ADE_25_01279,18SV9,1076280,858692,908054
ADE_25_01280,18SV9,1595525,981178,1033376
ADE_25_01281,18SV9,1416029,868924,916900
ADE_25_01282,18SV9,1406409,913174,973617
ADE_25_01283,18SV9,673249,584027,614070
ADE_25_01284,18SV9,501311,462339,492632
ADE_25_01285,18SV9,696359,634974,684261
ADE_25_01286,18SV9,1272769,837883,889951
ADE_25_01287,18SV9,1362747,903705,1036850
ADE_25_01288,18SV9,1796415,1305689,1372086
ADE_25_01289,18SV9,1231407,952304,1054399
ADE_25_01290,18SV9,1015423,694132,744779
ADE_25_01291,18SV9,1042511,963899,1021954
ADE_25_01292,18SV9,696465,540524,585681
ADE_25_01293,18SV9,852793,587630,631844
ADE_25_01294,18SV9,947798,653084,718997
ADE_25_01295,18SV9,833811,647940,700955
ADE_25_01296,18SV9,881392,630546,685862
ADE_25_01297,18SV9,921094,681929,754984
ADE_25_01298,18SV9,958265,869421,951674
ADE_25_01299,18SV9,978904,891879,971735
ADE_25_01300,18SV9,1263485,1116087,1248931
ADE_25_01301,18SV9,637572,315400,333804
ADE_25_01302,18SV9,1041300,315518,320530
ADE_25_01303,18SV9,657792,222964,228337
ADE_25_01304,18SV9,863822,408232,451672
ADE_25_01305,18SV9,1007550,509041,560510
ADE_25_01306,18SV9,788586,399330,452671
ADE_25_01307,18SV9,496050,378081,406144
ADE_25_01308,18SV9,1018523,509547,524403
ADE_25_01309,18SV9,955297,870238,897564
ADE_25_01310,18SV9,1026448,755602,772544
ADE_25_01311,18SV9,558299,290196,308831
ADE_25_01312,18SV9,833769,576690,606358
ADE_25_01313,18SV9,1081010,878354,910246
ADE_25_01314,18SV9,707165,218213,226251
ADE_25_01315,18SV9,1345565,18581,19439
ADE_25_01316,18SV9,801279,679452,703785
ADE_25_01317,18SV9,1222734,407684,419723
ADE_25_01318,18SV9,1204049,1010103,1026171
ADE_25_01319,18SV9,1491297,222117,229189
ADE_25_01320,18SV9,540554,305633,321286
ADE_25_01321,18SV9,947139,225740,231596
ADE_25_01322,18SV9,925575,159026,163484
ADE_25_01323,18SV9,976585,309544,319629
ADE_25_01324,18SV9,1492943,62490,64416
ADE_25_01325,18SV9,1702332,63415,65145
ADE_25_01326,18SV9,2022408,153128,156265
ADE_25_01327,18SV9,1353559,298645,313041
ADE_25_01328,18SV9,1706221,670813,681254
ADE_25_01329,18SV9,1175766,326316,333843
ADE_25_01330,18SV9,1163092,135695,139375
ADE_25_01331,18SV9,1200475,62857,64792
ADE_25_01332,18SV9,976993,59663,61051
ADE_25_01333,18SV9,727216,404574,423111
ADE_25_01334,18SV9,688320,237066,246541
ADE_25_01335,18SV9,732724,389953,408067
ADE_25_01336,18SV9,720490,401924,413036
ADE_25_01337,18SV9,1067846,400285,403056
ADE_25_01338,18SV9,1423711,231491,236260
ADE_25_01339,18SV9,1364601,67069,68335
ADE_25_01340,18SV9,686142,413676,437938
ADE_25_01341,18SV9,1606533,49590,50476
ADE_25_01342,18SV9,1283452,108777,112360
ADE_25_01343,18SV9,1227774,184582,191557
ADE_25_01344,18SV9,1994524,10766,10950
ADE_25_01345,18SV9,2159195,22755,23410
ADE_25_01346,18SV9,1580627,175799,178054
ADE_25_01347,18SV9,1570919,70779,73056
ADE_25_01348,18SV9,1936645,95294,98853
ADE_25_01349,18SV9,1704822,100467,104781
ADE_25_01350,18SV9,1591629,20528,20964
ADE_25_01351,18SV9,1550334,47398,48679
ADE_25_01352,18SV9,1212268,326564,329176
ADE_25_01353,18SV9,2367644,63863,66605
ADE_25_01354,18SV9,2039363,65200,67560
ADE_25_01355,18SV9,2930394,20302,20461
ADE_25_01356,18SV9,1304819,87638,89515
ADE_25_01357,18SV9,1347947,132150,139225
ADE_25_01358,18SV9,1661533,84354,86442
ADE_25_01359,18SV9,636634,549831,569609
ADE_25_01360,18SV9,1342532,58448,59309
ADE_25_01361,18SV9,1548290,53311,54206
ADE_25_01362,18SV9,1697330,72835,74999
ADE_25_01363,18SV9,1218598,97386,101397
ADE_25_01364,18SV9,1202082,64009,66670
ADE_25_01365,18SV9,1962372,35413,35642
ADE_25_01366,18SV9,678571,191458,197310
ADE_25_01367,18SV9,828230,109416,113226
ADE_25_01368,18SV9,954577,164260,170571
ADE_25_01369,18SV9,2051546,7845,7978
ADE_25_01370,18SV9,2260739,12310,12567
ADE_25_01371,18SV9,2233658,29532,30004
ADE_25_01372,18SV9,3055484,3028240,3052104
ADE_25_01373,18SV9,1337165,154686,167823
ADE_25_01374,18SV9,1495723,93611,95886
ADE_25_01375,18SV9,1577915,79703,81084
ADE_25_01376,18SV9,1834817,19477,19768
ADE_25_01377,18SV9,2142298,12033,12522
ADE_25_01378,18SV9,1566526,35970,37066
ADE_25_01379,18SV9,1068493,510938,549294
ADE_25_01380,18SV9,1134051,150170,155510
ADE_25_01381,18SV9,929125,301638,319590
ADE_25_01382,18SV9,1057659,184665,192863
ADE_25_01383,18SV9,1525713,43366,43709
ADE_25_01384,18SV9,1499963,20497,20747
ADE_25_01385,18SV9,1787637,442972,450207
ADE_25_01386,18SV9,414549,327177,341896
ADE_25_01387,18SV9,1321152,230630,240480
ADE_25_01388,18SV9,1171042,172330,179273
ADE_25_01389,18SV9,1254153,293594,304242
ADE_25_01390,18SV9,1592180,66612,67448
ADE_25_01391,18SV9,1542999,27616,28562
ADE_25_01392,18SV9,1754009,30267,30795
ADE_25_01393,18SV9,2479807,2200785,2473771
ADE_25_01394,18SV9,1188468,40078,41112
ADE_25_01395,18SV9,1215584,130215,134172
ADE_25_01396,18SV9,1309012,49557,50699
ADE_25_01397,18SV9,1913937,25016,25451
ADE_25_01398,18SV9,2059502,7373,7661
ADE_25_01399,18SV9,2129338,11815,12375
ADE_25_01400,18SV9,686234,605095,624383
ADE_25_01401,18SV9,637845,342372,359505
ADE_25_01402,18SV9,611738,363805,380998
ADE_25_01403,18SV9,683990,451889,471164
ADE_25_01404,18SV9,701001,602826,631158
ADE_25_01640,18SV9,809751,723047,753912
ADE_25_01641,18SV9,788257,657922,689584
ADE_25_01642,18SV9,660007,292266,305087
N_25_00090,18SV9,1,1,1
N_25_00091,18SV9,166250,165050,166143
N_25_00092,18SV9,712645,491628,495849
N_25_00093,18SV9,385417,340393,346920
P_25_00073,18SV9,0,0,0
P_25_00074,18SV9,1,0,0
P_25_00075,18SV9,2347146,2277687,2347131
P_25_00076,18SV9,3221541,3211092,3221447
P_25_00077,18SV9,2923495,2908772,2922740
P_25_00078,18SV9,2943347,2924160,2942606
P_25_00079,18SV9,3167407,3154830,3167114
P_25_00080,18SV9,3718150,3688290,3716519
P_25_00081,18SV9,2658829,2642017,2658431
P_25_00082,18SV9,3569029,3546309,3568900
P_25_00083,18SV9,3399163,3392025,3398972
ADE_25_00700,rbcLverte,0,0,0
ADE_25_00704,rbcLverte,1,0,0
ADE_25_00717,rbcLverte,1,1,1
ADE_25_00735,rbcLverte,1,0,0
ADE_25_01177,rbcLverte,33610,985,985
ADE_25_01178,rbcLverte,29476,1775,1775
ADE_25_01179,rbcLverte,35807,1566,1566
ADE_25_01180,rbcLverte,27776,11564,14807
ADE_25_01181,rbcLverte,36770,10357,10481
ADE_25_01182,rbcLverte,33764,16377,16557
ADE_25_01183,rbcLverte,139,0,0
ADE_25_01184,rbcLverte,29467,848,936
ADE_25_01185,rbcLverte,36604,657,694
ADE_25_01186,rbcLverte,11904,249,249
ADE_25_01187,rbcLverte,36369,17625,18720
ADE_25_01188,rbcLverte,35647,6035,6068
ADE_25_01189,rbcLverte,24961,6352,6491
ADE_25_01190,rbcLverte,11436,69,69
ADE_25_01191,rbcLverte,18531,292,292
ADE_25_01192,rbcLverte,23471,117,117
ADE_25_01193,rbcLverte,84445,49720,71257
ADE_25_01194,rbcLverte,63227,46566,55253
ADE_25_01195,rbcLverte,59056,36018,37622
ADE_25_01196,rbcLverte,174,0,0
ADE_25_01197,rbcLverte,41628,16008,16856
ADE_25_01198,rbcLverte,24538,6603,6632
ADE_25_01199,rbcLverte,35094,9655,11414
ADE_25_01200,rbcLverte,12791,811,813
ADE_25_01201,rbcLverte,24671,673,673
ADE_25_01202,rbcLverte,19515,1287,1287
ADE_25_01203,rbcLverte,67902,32106,38773
ADE_25_01204,rbcLverte,80521,36478,44545
ADE_25_01205,rbcLverte,83880,30859,37655
ADE_25_01206,rbcLverte,29279,4416,4416
ADE_25_01207,rbcLverte,15182,3705,3705
ADE_25_01208,rbcLverte,18189,4382,4418
ADE_25_01209,rbcLverte,56417,24030,44678
ADE_25_01210,rbcLverte,56700,29207,48905
ADE_25_01211,rbcLverte,92921,47871,81250
ADE_25_01212,rbcLverte,60849,16399,17324
ADE_25_01213,rbcLverte,57286,12294,15184
ADE_25_01214,rbcLverte,49764,21069,22742
ADE_25_01215,rbcLverte,29928,429,429
ADE_25_01216,rbcLverte,37457,782,782
ADE_25_01217,rbcLverte,23204,727,727
ADE_25_01218,rbcLverte,0,0,0
ADE_25_01219,rbcLverte,21944,241,241
ADE_25_01220,rbcLverte,16538,412,412
ADE_25_01221,rbcLverte,25927,793,793
ADE_25_01222,rbcLverte,25085,524,563
ADE_25_01223,rbcLverte,38180,195,195
ADE_25_01224,rbcLverte,21812,280,280
ADE_25_01225,rbcLverte,3287,12,12
ADE_25_01226,rbcLverte,26130,357,371
ADE_25_01227,rbcLverte,309,0,0
ADE_25_01228,rbcLverte,22181,254,262
ADE_25_01229,rbcLverte,26914,271,279
ADE_25_01230,rbcLverte,11025,28,28
ADE_25_01231,rbcLverte,88651,64718,69357
ADE_25_01232,rbcLverte,42399,28094,29398
ADE_25_01233,rbcLverte,56513,28131,29683
ADE_25_01234,rbcLverte,21399,227,227
ADE_25_01235,rbcLverte,36534,406,406
ADE_25_01236,rbcLverte,36381,1507,1509
ADE_25_01237,rbcLverte,78959,47840,48356
ADE_25_01238,rbcLverte,59709,29603,29764
ADE_25_01239,rbcLverte,54046,21982,22020
ADE_25_01240,rbcLverte,33033,15434,15576
ADE_25_01241,rbcLverte,32169,7738,7785
ADE_25_01242,rbcLverte,23294,3796,3796
ADE_25_01244,rbcLverte,22694,1882,2168
ADE_25_01245,rbcLverte,39684,3426,3483
ADE_25_01246,rbcLverte,27091,1905,1951
ADE_25_01247,rbcLverte,27746,1051,1051
ADE_25_01248,rbcLverte,27995,631,631
ADE_25_01249,rbcLverte,24807,676,676
ADE_25_01250,rbcLverte,35952,1937,2218
ADE_25_01251,rbcLverte,13376,138,138
ADE_25_01252,rbcLverte,21480,677,708
ADE_25_01253,rbcLverte,35351,297,297
ADE_25_01254,rbcLverte,29138,1022,1060
ADE_25_01255,rbcLverte,28494,895,960
ADE_25_01256,rbcLverte,21087,500,513
ADE_25_01257,rbcLverte,35784,755,755
ADE_25_01258,rbcLverte,12695,188,188
ADE_25_01259,rbcLverte,11212,21,21
ADE_25_01260,rbcLverte,14996,175,175
ADE_25_01261,rbcLverte,19969,42,42
ADE_25_01262,rbcLverte,20104,83,83
ADE_25_01263,rbcLverte,21339,304,327
ADE_25_01264,rbcLverte,10517,23,23
ADE_25_01265,rbcLverte,12945,1500,1500
ADE_25_01266,rbcLverte,11354,38,38
ADE_25_01267,rbcLverte,20565,11,11
ADE_25_01268,rbcLverte,29050,47,47
ADE_25_01269,rbcLverte,17968,11,11
ADE_25_01270,rbcLverte,37798,141,141
ADE_25_01271,rbcLverte,13586,93,93
ADE_25_01272,rbcLverte,24796,50,50
ADE_25_01273,rbcLverte,10711,11,11
ADE_25_01274,rbcLverte,25362,2647,3362
ADE_25_01275,rbcLverte,24810,1272,1537
ADE_25_01276,rbcLverte,27203,172,191
ADE_25_01277,rbcLverte,27543,25,25
ADE_25_01278,rbcLverte,14866,112,112
ADE_25_01279,rbcLverte,15893,7,7
ADE_25_01280,rbcLverte,10117,126,126
ADE_25_01281,rbcLverte,21468,281,281
ADE_25_01282,rbcLverte,23007,130,130
ADE_25_01283,rbcLverte,6056,17,17
ADE_25_01284,rbcLverte,20059,17,17
ADE_25_01285,rbcLverte,8022,9,9
ADE_25_01286,rbcLverte,18901,530,535
ADE_25_01287,rbcLverte,11169,0,0
ADE_25_01288,rbcLverte,19066,152,152
ADE_25_01289,rbcLverte,19531,6273,7141
ADE_25_01290,rbcLverte,26385,3443,3960
ADE_25_01291,rbcLverte,12952,2654,2742
ADE_25_01292,rbcLverte,23511,335,335
ADE_25_01293,rbcLverte,26533,642,642
ADE_25_01294,rbcLverte,18030,416,416
ADE_25_01295,rbcLverte,26411,8386,8906
ADE_25_01296,rbcLverte,37552,9569,10068
ADE_25_01297,rbcLverte,23844,1826,1826
ADE_25_01298,rbcLverte,22880,955,955
ADE_25_01299,rbcLverte,70699,1185,1187
ADE_25_01300,rbcLverte,47437,2255,2255
ADE_25_01301,rbcLverte,16717,5536,5536
ADE_25_01302,rbcLverte,15691,6552,6552
ADE_25_01303,rbcLverte,25257,10761,10761
ADE_25_01304,rbcLverte,27375,14394,14428
ADE_25_01305,rbcLverte,24091,11347,11347
ADE_25_01306,rbcLverte,36503,19184,19245
ADE_25_01308,rbcLverte,15215,4377,4410
ADE_25_01309,rbcLverte,21539,3127,3291
ADE_25_01310,rbcLverte,14773,1717,1717
ADE_25_01311,rbcLverte,16286,432,432
ADE_25_01312,rbcLverte,15837,203,203
ADE_25_01313,rbcLverte,15430,537,537
ADE_25_01314,rbcLverte,2312,0,0
ADE_25_01315,rbcLverte,2106,0,0
ADE_25_01316,rbcLverte,4397,10,10
ADE_25_01317,rbcLverte,9160,1069,1069
ADE_25_01318,rbcLverte,6339,97,97
ADE_25_01319,rbcLverte,10048,928,928
ADE_25_01321,rbcLverte,37179,4407,4837
ADE_25_01322,rbcLverte,50097,13728,18782
ADE_25_01323,rbcLverte,21447,5361,7662
ADE_25_01324,rbcLverte,5056,55,55
ADE_25_01325,rbcLverte,10001,136,136
ADE_25_01326,rbcLverte,9344,136,136
ADE_25_01327,rbcLverte,3665,2,2
ADE_25_01328,rbcLverte,5077,0,0
ADE_25_01329,rbcLverte,4763,0,0
ADE_25_01330,rbcLverte,12209,473,473
ADE_25_01331,rbcLverte,12161,1891,2076
ADE_25_01332,rbcLverte,9909,291,291
ADE_25_01334,rbcLverte,25136,14750,14812
ADE_25_01335,rbcLverte,18959,2461,2527
ADE_25_01336,rbcLverte,22824,8321,8333
ADE_25_01337,rbcLverte,5261,674,681
ADE_25_01338,rbcLverte,4078,848,927
ADE_25_01339,rbcLverte,7784,1815,2087
ADE_25_01340,rbcLverte,20,4,4
ADE_25_01341,rbcLverte,32141,6136,6527
ADE_25_01342,rbcLverte,22535,7042,7156
ADE_25_01343,rbcLverte,5647,827,827
ADE_25_01344,rbcLverte,15448,203,203
ADE_25_01345,rbcLverte,12513,179,179
ADE_25_01346,rbcLverte,31511,306,306
ADE_25_01347,rbcLverte,27119,302,312
ADE_25_01348,rbcLverte,20859,86,86
ADE_25_01349,rbcLverte,18623,259,286
ADE_25_01350,rbcLverte,11506,0,0
ADE_25_01351,rbcLverte,13789,59,59
ADE_25_01352,rbcLverte,4646,29,29
ADE_25_01353,rbcLverte,10807,113,113
ADE_25_01354,rbcLverte,30505,38,38
ADE_25_01355,rbcLverte,29605,66,66
ADE_25_01356,rbcLverte,2368,26,26
ADE_25_01357,rbcLverte,6504,16,16
ADE_25_01358,rbcLverte,3507,0,0
ADE_25_01360,rbcLverte,24930,1537,1537
ADE_25_01361,rbcLverte,22848,1656,1656
ADE_25_01362,rbcLverte,14700,1185,1185
ADE_25_01363,rbcLverte,11991,2865,2944
ADE_25_01364,rbcLverte,17283,3971,3977
ADE_25_01365,rbcLverte,4488,149,149
ADE_25_01366,rbcLverte,63871,32185,42823
ADE_25_01367,rbcLverte,72015,35311,47569
ADE_25_01368,rbcLverte,64042,26489,32587
ADE_25_01369,rbcLverte,11719,0,0
ADE_25_01370,rbcLverte,19360,36,36
ADE_25_01371,rbcLverte,16252,157,157
ADE_25_01373,rbcLverte,32273,5867,5867
ADE_25_01374,rbcLverte,39615,10682,10682
ADE_25_01375,rbcLverte,37308,10923,10923
ADE_25_01376,rbcLverte,19284,388,388
ADE_25_01377,rbcLverte,30071,642,642
ADE_25_01378,rbcLverte,9890,330,330
ADE_25_01379,rbcLverte,5,0,0
ADE_25_01380,rbcLverte,50350,38491,38536
ADE_25_01381,rbcLverte,70275,61126,61126
ADE_25_01382,rbcLverte,67866,48595,48595
ADE_25_01383,rbcLverte,13069,1004,1004
ADE_25_01384,rbcLverte,10766,2009,2106
ADE_25_01385,rbcLverte,20701,1567,1567
ADE_25_01387,rbcLverte,63654,44579,44608
ADE_25_01388,rbcLverte,62086,42236,42282
ADE_25_01389,rbcLverte,63616,41804,41848
ADE_25_01390,rbcLverte,17273,877,877
ADE_25_01391,rbcLverte,26324,2298,2298
ADE_25_01392,rbcLverte,22215,3533,3734
ADE_25_01393,rbcLverte,81,0,0
ADE_25_01394,rbcLverte,32770,3891,3891
ADE_25_01395,rbcLverte,57898,4453,4466
ADE_25_01396,rbcLverte,31034,4937,5552
ADE_25_01397,rbcLverte,23232,4441,4725
ADE_25_01398,rbcLverte,44046,14652,15405
ADE_25_01399,rbcLverte,58645,8278,8616
ADE_25_01402,rbcLverte,30,0,0
ADE_25_01403,rbcLverte,0,0,0
ADE_25_01404,rbcLverte,103,0,0
ADE_25_01640,rbcLverte,63,0,0
ADE_25_01642,rbcLverte,1,0,0
P_25_00073,rbcLverte,1,1,1
P_25_00075,rbcLverte,836,82,82
P_25_00078,rbcLverte,146,0,0
P_25_00079,rbcLverte,0,0,0
P_25_00081,rbcLverte,0,0,0
P_25_00082,rbcLverte,6,0,0
P_25_00083,rbcLverte,2,0,0
ADE_25_00691,rbcLrouge,1,1,1
ADE_25_00749,rbcLrouge,1,1,1
ADE_25_00755,rbcLrouge,1,1,1
ADE_25_00758,rbcLrouge,3,3,3
ADE_25_00760,rbcLrouge,1,1,1
ADE_25_01177,rbcLrouge,14856,8957,9011
ADE_25_01178,rbcLrouge,32704,17254,17298
ADE_25_01179,rbcLrouge,734,164,164
ADE_25_01180,rbcLrouge,7040,5864,5880
ADE_25_01181,rbcLrouge,64402,59269,59730
ADE_25_01182,rbcLrouge,68497,64194,64686
ADE_25_01183,rbcLrouge,0,0,0
ADE_25_01184,rbcLrouge,48305,40815,41049
ADE_25_01185,rbcLrouge,52115,45780,45972
ADE_25_01186,rbcLrouge,41171,37148,37437
ADE_25_01187,rbcLrouge,167545,163730,165175
ADE_25_01188,rbcLrouge,107903,102870,103382
ADE_25_01189,rbcLrouge,159705,155141,156000
ADE_25_01190,rbcLrouge,9825,156,156
ADE_25_01191,rbcLrouge,17114,736,736
ADE_25_01192,rbcLrouge,12809,29,29
ADE_25_01193,rbcLrouge,28289,16640,20995
ADE_25_01194,rbcLrouge,16569,12646,13143
ADE_25_01195,rbcLrouge,50661,12846,13008
ADE_25_01197,rbcLrouge,50744,44653,44969
ADE_25_01198,rbcLrouge,46113,40207,40557
ADE_25_01199,rbcLrouge,16181,11496,11803
ADE_25_01200,rbcLrouge,50427,44596,44996
ADE_25_01201,rbcLrouge,25060,20773,20936
ADE_25_01202,rbcLrouge,58364,51510,52181
ADE_25_01203,rbcLrouge,45720,44098,44262
ADE_25_01204,rbcLrouge,222043,212300,214871
ADE_25_01205,rbcLrouge,164366,149996,151803
ADE_25_01206,rbcLrouge,143343,136384,136741
ADE_25_01207,rbcLrouge,146025,141709,142035
ADE_25_01208,rbcLrouge,124470,119738,120010
ADE_25_01209,rbcLrouge,128457,121883,126232
ADE_25_01210,rbcLrouge,108082,103654,105899
ADE_25_01211,rbcLrouge,61042,59857,60372
ADE_25_01212,rbcLrouge,34832,26617,26737
ADE_25_01213,rbcLrouge,25939,16351,17434
ADE_25_01214,rbcLrouge,60559,52908,53475
ADE_25_01215,rbcLrouge,14850,13639,13639
ADE_25_01216,rbcLrouge,87427,82189,82664
ADE_25_01217,rbcLrouge,46175,42991,43197
ADE_25_01219,rbcLrouge,18180,14979,15009
ADE_25_01220,rbcLrouge,28709,25815,25840
ADE_25_01221,rbcLrouge,50773,46953,47619
ADE_25_01222,rbcLrouge,6204,1023,1023
ADE_25_01223,rbcLrouge,9560,1128,1128
ADE_25_01224,rbcLrouge,11406,4423,4423
ADE_25_01225,rbcLrouge,2159,1317,1317
ADE_25_01226,rbcLrouge,19058,3477,3483
ADE_25_01227,rbcLrouge,23574,9071,9071
ADE_25_01228,rbcLrouge,24188,2513,2513
ADE_25_01229,rbcLrouge,26481,1776,1787
ADE_25_01230,rbcLrouge,3009,30,30
ADE_25_01231,rbcLrouge,48192,40582,42578
ADE_25_01232,rbcLrouge,18214,13125,13535
ADE_25_01233,rbcLrouge,16546,8344,8466
ADE_25_01234,rbcLrouge,8569,1586,1590
ADE_25_01235,rbcLrouge,16389,4514,4684
ADE_25_01236,rbcLrouge,47957,32200,36590
ADE_25_01237,rbcLrouge,52771,28264,32697
ADE_25_01238,rbcLrouge,38457,19421,22258
ADE_25_01239,rbcLrouge,39620,13178,14502
ADE_25_01240,rbcLrouge,50534,38001,41734
ADE_25_01241,rbcLrouge,51626,37114,41663
ADE_25_01242,rbcLrouge,38180,25005,30182
ADE_25_01244,rbcLrouge,2886,252,252
ADE_25_01245,rbcLrouge,5948,1941,1945
ADE_25_01246,rbcLrouge,3921,692,692
ADE_25_01247,rbcLrouge,6024,423,423
ADE_25_01248,rbcLrouge,5407,318,318
ADE_25_01249,rbcLrouge,4003,87,87
ADE_25_01250,rbcLrouge,3253,134,134
ADE_25_01251,rbcLrouge,588,33,33
ADE_25_01252,rbcLrouge,3458,48,48
ADE_25_01253,rbcLrouge,24869,782,782
ADE_25_01254,rbcLrouge,34992,5436,5792
ADE_25_01255,rbcLrouge,12617,3624,3682
ADE_25_01256,rbcLrouge,7089,1267,1316
ADE_25_01257,rbcLrouge,13597,1283,1289
ADE_25_01258,rbcLrouge,6179,445,445
ADE_25_01259,rbcLrouge,1687,27,27
ADE_25_01260,rbcLrouge,1183,17,17
ADE_25_01261,rbcLrouge,3872,294,294
ADE_25_01262,rbcLrouge,2133,98,98
ADE_25_01263,rbcLrouge,694,35,35
ADE_25_01264,rbcLrouge,1517,0,0
ADE_25_01265,rbcLrouge,11591,145,145
ADE_25_01266,rbcLrouge,13571,861,887
ADE_25_01267,rbcLrouge,7577,77,77
ADE_25_01268,rbcLrouge,16,0,0
ADE_25_01269,rbcLrouge,2052,54,54
ADE_25_01270,rbcLrouge,3510,260,260
ADE_25_01271,rbcLrouge,1246,78,78
ADE_25_01272,rbcLrouge,12370,986,1126
ADE_25_01273,rbcLrouge,4165,284,284
ADE_25_01274,rbcLrouge,14499,4193,4245
ADE_25_01275,rbcLrouge,13034,2812,2851
ADE_25_01276,rbcLrouge,15055,596,596
ADE_25_01277,rbcLrouge,4931,373,373
ADE_25_01278,rbcLrouge,8065,2325,2325
ADE_25_01279,rbcLrouge,7493,1495,1495
ADE_25_01280,rbcLrouge,444,0,0
ADE_25_01281,rbcLrouge,2395,15,15
ADE_25_01282,rbcLrouge,2517,59,59
ADE_25_01283,rbcLrouge,1269,3,3
ADE_25_01284,rbcLrouge,4097,376,376
ADE_25_01285,rbcLrouge,2048,48,48
ADE_25_01286,rbcLrouge,5131,792,792
ADE_25_01287,rbcLrouge,5982,762,762
ADE_25_01288,rbcLrouge,2235,32,32
ADE_25_01289,rbcLrouge,8058,398,400
ADE_25_01290,rbcLrouge,6251,2047,2116
ADE_25_01291,rbcLrouge,11863,2830,3484
ADE_25_01292,rbcLrouge,9411,554,554
ADE_25_01293,rbcLrouge,14561,752,752
ADE_25_01294,rbcLrouge,3634,196,196
ADE_25_01295,rbcLrouge,21949,14359,14954
ADE_25_01296,rbcLrouge,15070,8212,8460
ADE_25_01297,rbcLrouge,5823,2058,2082
ADE_25_01298,rbcLrouge,32802,17173,23284
ADE_25_01299,rbcLrouge,35039,14072,23571
ADE_25_01300,rbcLrouge,20543,15267,17241
ADE_25_01301,rbcLrouge,116177,113649,114772
ADE_25_01302,rbcLrouge,137731,135586,136563
ADE_25_01303,rbcLrouge,87866,85145,85956
ADE_25_01304,rbcLrouge,225168,217254,218455
ADE_25_01305,rbcLrouge,228960,218145,219391
ADE_25_01306,rbcLrouge,135780,127092,127972
ADE_25_01307,rbcLrouge,17,0,0
ADE_25_01308,rbcLrouge,5190,2905,2905
ADE_25_01309,rbcLrouge,16180,14466,14468
ADE_25_01310,rbcLrouge,9326,7718,7723
ADE_25_01311,rbcLrouge,7293,1904,1904
ADE_25_01312,rbcLrouge,4047,163,163
ADE_25_01313,rbcLrouge,5409,1791,1791
ADE_25_01314,rbcLrouge,1901,678,678
ADE_25_01315,rbcLrouge,425,5,5
ADE_25_01316,rbcLrouge,1456,321,321
ADE_25_01317,rbcLrouge,11101,9121,9123
ADE_25_01318,rbcLrouge,3033,1380,1380
ADE_25_01319,rbcLrouge,11981,9949,9949
ADE_25_01321,rbcLrouge,22570,15097,15144
ADE_25_01322,rbcLrouge,13128,10143,10158
ADE_25_01323,rbcLrouge,6016,4347,4352
ADE_25_01324,rbcLrouge,4874,15,15
ADE_25_01325,rbcLrouge,6142,15,15
ADE_25_01326,rbcLrouge,4402,6,6
ADE_25_01327,rbcLrouge,1378,4,4
ADE_25_01328,rbcLrouge,744,0,0
ADE_25_01329,rbcLrouge,74,0,0
ADE_25_01330,rbcLrouge,2326,19,19
ADE_25_01331,rbcLrouge,2462,5,5
ADE_25_01332,rbcLrouge,1676,12,12
ADE_25_01333,rbcLrouge,31,0,0
ADE_25_01334,rbcLrouge,16195,11442,11487
ADE_25_01335,rbcLrouge,43,0,0
ADE_25_01336,rbcLrouge,6560,2596,2596
ADE_25_01337,rbcLrouge,707,93,93
ADE_25_01338,rbcLrouge,12,0,0
ADE_25_01339,rbcLrouge,1336,154,156
ADE_25_01340,rbcLrouge,506,8,8
ADE_25_01341,rbcLrouge,1627,180,180
ADE_25_01342,rbcLrouge,808,86,86
ADE_25_01343,rbcLrouge,1277,106,106
ADE_25_01344,rbcLrouge,2858,20,20
ADE_25_01345,rbcLrouge,2587,11,11
ADE_25_01346,rbcLrouge,4393,10,10
ADE_25_01347,rbcLrouge,705,3,3
ADE_25_01348,rbcLrouge,850,6,6
ADE_25_01349,rbcLrouge,731,4,4
ADE_25_01350,rbcLrouge,225,2,2
ADE_25_01351,rbcLrouge,225,0,0
ADE_25_01352,rbcLrouge,362,0,0
ADE_25_01353,rbcLrouge,84,0,0
ADE_25_01354,rbcLrouge,2291,10,10
ADE_25_01355,rbcLrouge,1741,5,5
ADE_25_01356,rbcLrouge,1449,0,0
ADE_25_01357,rbcLrouge,1601,0,0
ADE_25_01358,rbcLrouge,1125,2,2
ADE_25_01359,rbcLrouge,1,0,0
ADE_25_01360,rbcLrouge,4358,3500,3507
ADE_25_01361,rbcLrouge,3853,2445,2445
ADE_25_01362,rbcLrouge,1431,732,732
ADE_25_01363,rbcLrouge,1027,332,332
ADE_25_01364,rbcLrouge,1432,264,264
ADE_25_01365,rbcLrouge,681,7,7
ADE_25_01366,rbcLrouge,23965,2076,2709
ADE_25_01367,rbcLrouge,14368,1216,1463
ADE_25_01368,rbcLrouge,12682,317,351
ADE_25_01369,rbcLrouge,6681,3,3
ADE_25_01370,rbcLrouge,1896,0,0
ADE_25_01371,rbcLrouge,1096,4,4
ADE_25_01372,rbcLrouge,7,7,7
ADE_25_01373,rbcLrouge,4964,1935,1944
ADE_25_01374,rbcLrouge,2016,994,994
ADE_25_01375,rbcLrouge,4301,2456,2456
ADE_25_01376,rbcLrouge,496,6,6
ADE_25_01377,rbcLrouge,0,0,0
ADE_25_01378,rbcLrouge,946,7,7
ADE_25_01379,rbcLrouge,1,0,0
ADE_25_01380,rbcLrouge,499,188,188
ADE_25_01381,rbcLrouge,3602,3152,3167
ADE_25_01382,rbcLrouge,3351,2299,2301
ADE_25_01383,rbcLrouge,1671,38,38
ADE_25_01384,rbcLrouge,1927,79,79
ADE_25_01385,rbcLrouge,2157,13,13
ADE_25_01387,rbcLrouge,2875,1570,1570
ADE_25_01388,rbcLrouge,4702,3168,3168
ADE_25_01389,rbcLrouge,6966,4880,4916
ADE_25_01390,rbcLrouge,1445,34,34
ADE_25_01391,rbcLrouge,1976,122,122
ADE_25_01392,rbcLrouge,4707,103,103
ADE_25_01393,rbcLrouge,1,0,0
ADE_25_01394,rbcLrouge,3341,131,131
ADE_25_01395,rbcLrouge,4399,138,138
ADE_25_01396,rbcLrouge,5427,2101,2134
ADE_25_01397,rbcLrouge,7188,3639,3639
ADE_25_01398,rbcLrouge,13072,4692,4692
ADE_25_01399,rbcLrouge,16743,6517,6517
ADE_25_01400,rbcLrouge,0,0,0
ADE_25_01401,rbcLrouge,2,0,0
ADE_25_01402,rbcLrouge,26,0,0
ADE_25_01404,rbcLrouge,3,0,0
ADE_25_01640,rbcLrouge,3,0,0
ADE_25_01641,rbcLrouge,22,0,0
N_25_00092,rbcLrouge,2,0,0
P_25_00073,rbcLrouge,2,2,2
P_25_00075,rbcLrouge,0,0,0
P_25_00076,rbcLrouge,1,0,0
P_25_00078,rbcLrouge,573,0,0
P_25_00080,rbcLrouge,1,1,1
P_25_00082,rbcLrouge,0,0,0
P_25_00083,rbcLrouge,1,1,1
